Converse Chuck Taylor 70 OX Low (Obsidian),И84.90,И64.90
Nike Daybreak SP (Black / Grey),И99.90,И64.90
adidas Campus ADV (Black),И89.90,И49.90
"adidas Torsion Comp ""Home of Classics"" (White / Off White)",И99.90,И49.90
New Balance CM997 HDL (White / Navy),И89.90,И59.90
Saucony Aya (Grey / Orange),И99.90,И64.90
"adidas x Star Wars Alphaedge 4D ""Death Star"" (Black)",И299.90,И199.90
"Nike Drop Type LX ""N.354"" (Black / Pink)",И79.90,И39.90
Nike Air Max 2 Light (Multi),И139.90,И69.90
Converse Chuck Taylor 70 HI (Red),И89.90,И64.90
New Balance ML574 NFA (Black / Olive),И89.90,И59.90
adidas Ozweego (White / Neon Yellow),И119.90,И59.90
Nike Shox TL (Grey / Green),И169.90,И109.90
"Nike Air Max 270 React ""Pop Art"" (Green)",И159.90,И79.90
adidas Rivalry Low (Grey / White / Blue),И89.90,И69.90
"adidas x Star Wars Ultraboost S&L ""Star Fighter"" (Beige)",И179.90,И119.90
Saucony Grid Web (White / Black),И129.90,И74.90
Nike Air Max Tailwind IV SP (Black / Grey),И169.90,И79.90
adidas Campus ADV (Brown),И89.90,И49.90
"adidas A.R. Trainer ""Home of Classics"" (White / Off White)",И99.90,И49.90
Nike Air Force 1 '07 Premium (Brown / Red / White),И129.90,И99.90
New Balance MS997 JCF (Grey / Black / Turquoise),И109.90,И64.90
New Balance CM997 HZK (Black / Blue),И99.90,И59.90
adidas ZX Torsion (Blue / Green / Red),И139.90,И79.90
Nike Blazer Mid '77 Vintage (Yellow / Purple),И99.90,И59.90
"New Balance M1530 NVY ""Made In England"" (Navy)",И169.90,И134.90
"Nike Air Max Tailwind IV SP ""Sandtrap"" (Olive)",И169.90,И79.90
New Balance MTNTRL LC3 (Blue / Black),И89.90,И69.90
"adidas Continental 80 ""Home of Classics"" (White / Off White)",И99.90,И54.90
Saucony Shadow 5000 (Beige / White),И104.90,И64.90
adidas EQT Gazelle (White / Navy / Yellow),И109.90,И49.90
"New Balance M1530 FDS ""Made in England"" (Beige / Grey)",И169.90,И134.90
Nike Blazer Mid '77 Vintage (Red / Silver),И99.90,И59.90
"adidas x Star Wars Ultraboost 19 ""Millenium Falcon"" (Grey)",И199.90,И129.90
adidas Busenitz (White),И89.90,И49.90
"adidas ZX 4000 4D ""I Want I Can"" (Grey / Red / Blue)",И299.90,И184.90
New Balance MTKYM WB1 (Black),И109.90,И79.90
Nike Air Max 2 Light (Red / White),И139.90,И69.90
"adidas ZX 4000 4D ""I Want I Can"" (Black / Yellow / Orange)",И299.90,И189.90
adidas FYW S-97 (White / Purple),И139.90,И49.90
Reebok Torch Hex (White),И74.90,И39.90
"Vans Old Skool Cap LX ""Regrind"" (Blue)",И99.90,И64.90
adidas City Cup (Black / White),И89.90,И49.90
Nike Blazer Mid '77 Vintage (Black / Orange),И99.90,И59.90
adidas Lowertree (White / Turquoise),И99.90,И49.90
Nike React Sertu (Navy / Multi),И149.90,И89.90
"New Balance M1530 BUR ""Made in England"" (Burgundy)",И169.90,И134.90
Suicoke x Wacko Maria Guilty Parties Deebo Shoes (Black),И179.90,И99.90
adidas 3MC (Grey / White),И64.90,И39.90
adidas Stan Smith W (White),И119.90,И89.90
Nike Air Max Tailwind IV SP (Beige),И169.90,И79.90
Nike DimSix Signal FK (Black / Multi),И159.90,И59.90
"adidas Nite Jogger ""3M"" (Navy / Navy / Black)",И139.90,И74.90
Nike Air Max 720 (Grey),И189.90,И99.90
Nike Air Ghost Racer (White / Neon Yellow / Grey),И119.90,И49.90
Nike Xarr (Black),И149.90,И99.90
adidas Lxcon (Black),И119.90,И64.90
Nike Air Max 2 Light (White),И139.90,И74.90
Suicoke x Wacko Maria Madonna Deebo Shoes (Black),И239.90,И119.90
adidas 3MC (Black / White),И64.90,И39.90
New Balance M991 FDS ''Made In England'' (Olive),И189.90,И134.90
"Nike Air Max2 Light LX ""Gunsmoke Chlorophyll"" (Grey)",И139.90,И64.90
Vans Vault OG Era LX (Blue),И84.90,И54.90
Nike Shox R4 (Black),И149.90,И89.90
Air Jordan Mars 270 (Black / Green),И159.90,И99.90
Nike Air max Tailwind IV SE (Olive / Orange),И179.90,И94.90
Nike Air Max Graviton (White),И99.90,И49.90
Nike Air Max Tailwind IV (White / Red),И169.90,И74.90
adidas Stan Smith (Black / White),И99.90,И64.90
Vans Vault OG Era LX (Black / Purple),И84.90,И54.90
Saucony Grid Web (White / Red / Black),И129.90,И64.90
"New Balance M990 SN5 ""Made in USA"" (Navy)",И219.90,И154.90
Nike Air Max Graviton (White / Black),И99.90,И49.90
Nike React Element 55 (White),И129.90,И64.90
Saucony Aya (White /Purple),И99.90,И44.90
Nike Drop Type LX (White / Yellow),И79.90,И49.90
Nike Air VaporMax LX (Grey / Volt),И189.90,И119.90
"Nike Air Max 97 QS ""Game Royal"" (Black / Blue)",И179.90,И89.90
"Karhu Aria ""Land of the Midnight Sun Pack"" (Beige / Blue)",И129.90,И89.90
"adidas Temper Run ""Pride Pack"" (White)",И139.90,И49.90
Clarks Originals x Wu Wear Wallabee Lo (Navy),И179.90,И124.90
Filling Pieces Low Curve Iceman Trimix (Black),И239.90,И169.90
Nike React Element 55 ''Black Crimson'' (Black),И129.90,И64.90
Asics Gel-Kayano 5 360 (White / Cream),И169.90,И99.90
Nike Air Max Tailwind IV (Blue),И169.90,И89.90
Reebok Aztrek 96 (White / Blue),И89.90,И44.90
New Balance MSXRC TLD (Navy / Pink / Purple),И109.90,И59.90
adidas A.R. Trainer (White / Pink / Black),И99.90,И54.90
Nike Vapor Street PEG SP (Brown / White),И159.90,И89.90
Clarks Originals x Wu Wear Wallabee Lo (Brown),И179.90,И124.90
Nike Drop Type LX (Black / White),И79.90,И49.90
Filling Pieces Low Curve Iceman Trimix (Grey / Peach),И239.90,И149.90
New Balance MSXRC HLC (White / Turquoise / Purple),И99.90,И59.90
Filling Pieces Low Mondo Plain Crumbs (Black),И189.90,И134.90
"Nike Air Max Tailwind IV ""Campfire Orange"" (Beige / Orange)",И169.90,И79.90
adidas LXCON (White / Black),И119.90,И49.90
Reebok CL Leather MU (Chalk / Navy),И99.90,И54.90
adidas Lxcon (Schwarz / Rot),И119.90,И49.90
Nike Air Max 270 React (Turquoise),И159.90,И74.90
adidas ZX 4000 4D (Yellow / Green / Blue),И299.90,И184.90
Nike Vapor Street PEG SP (Khaki / White),И159.90,И89.90
New Balance CM997 HDK (Black / Red),И89.90,И59.90
adidas Ozweego (Black / Green),И119.90,И59.90
Filling Pieces Low Mondo Plain Crumbs (Navy / Blue),И189.90,И134.90
"Nike React Sertu ""The 10th"" (Black / Neon Yellow)",И149.90,И69.90
"Nike Benassi JDI ""Betrue"" (Black / Multi)",И59.90,И34.90
"Nike Air Max2 Light Premium ""Kinect Green"" (Black / Multi)",И139.90,И69.90
Reebok Club C Revenge MU (Chalk / Navy),И89.90,И54.90
Nike Air Max 2 Light (Red / Multi),И139.90,И69.90
Converse ERX 260 Mid (Multi),И119.90,И69.90
Nike ACG React Terra Gobe (Black / Rose),И149.90,И89.90
Filling Pieces Low Mondo Ripple Nardo Nappa (Black),И189.90,И134.90
"Nike Benassi JDI ""Fanny Pack"" (Red / Blue)",И49.90,И24.90
Saucony Aya (White / Blue),И99.90,И64.90
"Nike Air DSVM ""Midnight Turq"" (Black / Green)",И199.90,И99.90
"Nike React Sertu ""The 10th"" (Brown / White)",И149.90,И74.90
Vans Sk8-Hi Bricolage (White / Beige),И109.90,И79.90
"Nike ACG React Terra Gobe ""Deep Jungle"" (Dark Green)",И149.90,И89.90
Nike Air Max Tailwind IV (White / Grey),И169.90,И79.90
Air Jordan Mars 270 (White / Red),И159.90,И99.90
Reebok Aztrek 96 (White / Green),И89.90,И44.90
New Balance ML650 WNV (White / Turquoise),И119.90,И79.90
Converse Chuck Taylor 70 OX Low (White / Multi),И84.90,И54.90
adidas VRX Low (White / Black),И79.90,И49.90
Nike Daybreak SP (Lavender / Black),И99.90,И64.90
New Balance CM997H XD (Red / Navy),И99.90,И64.90
Nike Air Max 2 Light (Black / Grey),И139.90,И74.90
Nike React Element 55 (Grey / Neon Yellow),И129.90,И94.90
empty,И89.90,И54.90
"Nike ACG Air Wildwood ""Summit White"" (White)",И109.90,И69.90
"Converse Lucky Star Hi Archive Prints OX ""Driftwood"" (Multi)",И89.90,И64.90
Nike Daybreak SP (Blue / Gold),И99.90,И59.90
Nike Air Force 1 '07 Premium (White / Green / Black),И129.90,И99.90
New Balance MSX90 TBH (Navy / Red),И109.90,И64.90
Suicoke Sandals Padri (Black),И129.90,И84.90
adidas Skateboarding City Cup (White / Blue),И89.90,И54.90
adidas Sabalo Slip (Rose),И69.90,И49.90
adidas Lacombe (Dark Blue / White),И109.90,И74.90
Saucony Shadow 5000 Vintage (Grey / White),И104.90,И74.90
"Nike Air Max 98 ""Team Orange"" (Multi)",И179.90,И94.90
Raised by Wolves Manitobah Mukluks Leather Slides (Black),И89.90,И64.90
Reebock Daytona DMX Vector (Black / Red),И119.90,И69.90
"Nike ACG Okwahn II ""Golden Beach"" (Brown / Yellow)",И119.90,И64.90
Nike N110 D/MS/X (Beige / White),И159.90,И69.90
New Balance W997 HFA (White / Blue),И94.90,И69.90
Saucony Shadow 6000 (White / Navy),И119.90,И74.90
empty,И179.90,И94.90
Vans Classic Slip-On Bricolage LX ''Embroidered Palm'' (Beige),И99.90,И74.90
adidas Sabalo Slip (White),И69.90,И49.90
adidas Campus (Purple / Mint),И109.90,И64.90
adidas FYW S-97 (White / Pink),И139.90,И79.90
Saucony Shadow 6000 (White / Purple),И119.90,И74.90
Suicoke Sandals Kaw-VS (Black),И234.90,И149.90
empty,И99.90,И64.90
empty,И119.90,И74.90
adidas Stan Smith (White / Gold),И119.95,И79.90
Saucony Shadow Original (Grey / Blue),И104.90,И74.90
"Nike ACG Air Wildwood ""Desert Dust"" (Brown)",И109.90,И69.90
adidas Lacombe (White / Grey),И109.90,И74.90
adidas Continental 80 (Beige / Mint),И99.90,И54.90
Nike SB Chron Solarsoft (Grey),И64.90,И54.90
adidas FYW S-97 (Black / White),И139.90,И79.90
Saucony Grid 9000 (White / Blue),И119.90,И74.90
Nike Air Zoom Alpha (White / Blue),И139.90,И79.90
empty,И119.90,И79.90
Nike ACG React Terra Gobe (Blue / Black),И149.90,И89.90
Nike Air Foamposite 1 (Navy),И219.90,И164.90
New Balance CM997 HCF (Orange),И94.90,И64.90
Suicoke Sandals Moto-VEU2 (Grey),И214.90,И139.90
Reebok Daytona DMX Vector (White / Yellow),И119.90,И64.90
Saucony Grid 9000 (White / Purple),И119.90,И74.90
Nike SB Team Classic (Red / Blue),И74.90,И44.90
New Balance MS247 GY (Rain Cloud),И119.90,И64.90
Suicoke Sandals Moto Cab (Blue / Grey),И204.90,И134.90
empty,И94.90,И69.90
empty,И84.90,И54.90
Nike SB x NBA Blazer Low GT (Black),И79.90,И49.90
adidas Magmur Runner W (Beige / Grey),И119.90,И54.90
Filling Pieces Low Mondo Ripple Singular (Olive),И189.90,И129.90
Nike ACG React Terra Gobe (Black / Yellow),И149.90,И89.90
Saucony Azura (White / Orange),И99.90,И59.90
Nike WMNS P-6000 (Silver / Blue),И109.90,И69.90
adidas Sobakov Boost (Black / Gold),И169.90,И89.90
New Balance MS247 HY (Vintage Indigo),И119.90,И64.90
adidas A.R. Trainer (White),И99.90,И59.90
Suicoke Sandals Padri (Olive),И129.90,И84.90
New Balance MX608 BW1 (Black),И89.90,И59.90
Nike Air Zoom Alpha (Black / Yellow),И139.90,И79.90
Filling Pieces Low Mondo Ripple Nardo Block (White),И199.90,И139.90
Reebok Workout Lo Plus (Beige / Green),И99.90,И59.90
New Balance MS247 YA (Burgundy),И119.90,И64.90
adidas Samba OG MS (Black / White),И119.90,И74.90
Nike WMNS Shox R4 (White / Silver),И149.90,И89.90
"New Balance M1530 SVS ""Made in England"" (Rose / Black)",И169.90,И119.90
adidas Yung 1 (Beige / Mint),И119.90,И59.90
Nike ACG Okwahn II (Beige / Blue),И119.90,И64.90
Raised by Wolves Reflective Fuck Off Slides (Black),И34.90,И24.90
New Balance MX60 8BP1 (White / Lilac),И89.90,И59.90
adidas ZX 4000 4D (Black / Green),И349.90,И279.90
adidas Sobakov Boost (White / Black),И169.90,И89.90
New Balance ML574 ESS (Navy),И99.90,И64.90
adidas Samba OG MS (Yellow / Black),И119.90,И74.90
Saucony Azura (Black / Yellow),И99.90,И59.90
"Nike Air Zoom Alpha ""Volt"" (Black / White)",И139.90,И64.90
New Balance CM878 TCA (White / Yellow),И119.90,И84.90
Filling Pieces Low Mondo Ripple Sherwa (Beige),И189.90,И99.90
New Balance MSX90 TBE (White / Blue),И109.90,И59.90
empty,И99.90,И59.90
New Balance MS997 XTD (Black),И149.90,И94.90
New Balance MSX90 RCH (Black / Grey),И109.90,И64.90
adidas Yung 1 (Green / Purple),И119.90,И59.90
"New Balance M990 GL5 ""Made in USA"" (Grey)",И199.90,И149.90
adidas Futurepacer (Beige),И179.90,И84.90
Asics Gel Saga (White / Midnight),И109.90,И79.90
adidas Deerupt S (Black / White),И109.90,И69.90
New Balance MS997 HE (White / Blue),И149.90,И94.90
adidas Skateboarding 3ST.003 (Beige),И99.90,И64.90
Suicoke Sandals Kaw-VS (Grey),И234.90,И149.90
Nike Zoom Vomero 5 SE SP (Blue / White),И149.90,И99.90
adidas Continental 80 (Grey),И99.90,И59.90
adidas Lxcon (White),И119.90,И69.90
"Vans Slip-On Cap LX ""Cut and Paste Animal Pack"" (Brown)",И149.90,И99.90
adidas Lucas Premiere (Pink),И89.90,И59.90
adidas Powerphase (Lilac / White),И109.90,И64.90
Nike Air Skylon II (White / Orange),И99.90,И54.90
New Balance Rubix (Grey / Red),И179.90,И114.90
Converse Chuck Taylor 70 Hi (Green / Beige),И89.90,И59.90
Vans OG Era LX (Black / Blue),И84.90,И59.90
Suicoke Sandals Moto-Cab (Olive / Brown),И189.90,И124.90
Nike Air Max 2 Light (Black / White),И139.90,И74.90
adidas Continental 80 (Black),И99.90,И59.90
Nike Air Skylon II (White / Green),И99.90,И54.90
New Balance CM997 HGB (Black),И109.90,И69.90
adidas Powerphase (Grey),И109.90,И64.90
adidas Marathon Tech (Black / Red),И129.90,И64.90
adidas Copa 70Y TR (White),И139.90,И84.90
Suicoke Sandals Depa-V2EU2 (Grey),И189.90,И124.90
adidas Marathon Tech (Beige / Green),И129.90,И64.90
Nike Air Max Deluxe SE (Beige / White),И179.90,И99.90
Reebok Daytona DMX MU (Grey / Turquoise),И119.90,И64.90
empty,И109.90,И69.90
Hi-Tec HTS BXT Blast (White / Jade),И89.90,И59.90
"adidas x Pharrell Williams Solar HU Glide M ""Chinese New Year"" (Red)",И149.90,И119.90
adidas I-5923 (Blue / Rose),И129.90,И59.90
adidas Continental 80 (Clear Brown),И99.90,И64.90
"Karhu Aria ""Catch of the Day Pack"" (White / Red)",И119.90,И84.90
Reebok Rapide Mu (White / Pink),И79.90,И44.90
Suicoke Sandals Kisee-VEU2 (Grey),И199.90,И129.90
adidas Skatebording Campus ADV (Black),И89.90,И59.90
Reebok Classic Nylon W (Blau / Gelb),И79.90,И54.90
adidas AR Trainer (White),И99.90,И59.90
Nike Shox R4 OG (White / Silver),И149.90,И99.90
adidas Copa 70Y TR (Black),И139.90,И84.90
Nike SB Gato (Grey),И84.90,И59.90
Filling Pieces Low Fade Cosmo Infinity (Off White),И239.90,И139.90
"New Balance MSX90 RPB ""Reconstructed"" (Grau / Navy)",И129.90,И84.90
Reebok Pyro (White / Violet),И89.90,И44.90
empty,И174.90,И89.90
Nike Air Max Deluxe (Black / Habanero Red),И199.90,И94.90
empty,И189.90,И114.90
empty,И139.90,И59.90
adidas x Na-Kel Smith 3ST.003 (White / Green),И109.90,И69.90
"New Balance MSX90 RPA ""Reconstructed"" (Schwarz / Grau)",И129.90,И84.90
adidas Temper Run (Beige / Brown),И139.90,И54.90
Filling Pieces Low Fade Cosmo Infinity (Mint),И239.90,И139.90
Saucony Shadow Original Vintage (Blue / Grey),И104.90,И74.90
Saucony Jazz Original Vintage (Navy),И99.90,И74.90
New Balance ML840 GRB (Pigment),И119.90,И69.90
adidas Temper Run (Purple),И139.90,И59.90
empty,И199.90,И119.90
empty,И89.90,И59.90
Nike Air Max 95 ''Safari'' (Black / Orange),И189.90,И94.90
adidas Rivalry RM (Black),И139.90,И94.90
Asics Gel-Kayano 5 OG (White / Black),И139.90,И74.90
Saucony Jazz Original Vintage (Mud Green),И99.90,И74.90
adidas Temper Run (Black),И139.90,И49.90
Reebok Workout Plus MU (White / Gum),И99.90,И54.90
adidas x UNDFTD PureBOOST GO (Grey),И139.90,И74.90
New Balance ML840 GRA (Black),И119.90,И59.90
Nike Grandstand II (Black),И84.90,И49.90
Saucony Jazz Original Vintage (Grey / Black),И94.90,И69.90
adidas Skateboarding x Gustav Tonnesen Samba ADV (Black),И89.90,И64.90
Reebok Classic Leather (Blue / White),И99.90,И54.90
Reebok Aztrek (White / Yellow),И89.90,И44.90
Reebok Workout Plus MU (Burgundy),И99.90,И64.90
Suicoke Sandals x CLOT Juice Olas-CLTab (Beige),,
Vans Varix WC (Staple),И84.90,И49.90
Asics Gel Lyte (White / Blue),И99.90,И54.90
Filling Pieces Low Curve Iceman Trimix (Dark Grey),И249.90,И174.90
adidas x UNDFTD PureBOOST RBL (Black),И199.90,И99.90
Vans OG Classic Slip-On (Forest Night),И79.90,И64.90
Hi-Tec HTS Flash ADV Racer (Black / White / Neon Orange),И179.90,И99.90
Reebok Workout Plus MU (Black),И99.90,И64.90
Asics Gel-DS Trainer OG (White / White),И139.90,И74.90
Nike Air Skylon II (White / Black),И99.90,И54.90
Asics Gel Saga (Black / Green),И109.90,И59.90
Nike Zoom Streak Spectrum Plus Premium (Purple),И159.90,И79.90
Vans OG Classic Slip-On (Sun Dried),И79.90,И64.90
New Balance ML574 ENC (Black),И119.90,И59.90
Reebok Bolton (White / Magenta / Purple),И99.90,И54.90
Hi-Tec HTS Flash ADV Racer (White),И179.90,И99.90
New Balance MSX90 RLB (Black),И109.90,И64.90
Suicoke Sandals Zavo-Mab (Black),И259.90,И129.90
Asics Gel Lyte (White / Red),И99.90,И74.90
adidas Rising Star x R1 (Black),И149.90,И74.90
Nike Air VaporMax Premier Flyknit (Black),И229.90,И114.90
Asics Gel Saga (Black / Blue),И109.90,И64.90
Asics Gel-Mai (White / White),И129.90,И74.90
Vans OG SK8-Hi LX (Sun Dried),И89.90,И69.90
Asics HyperGel Lyte (White),И129.90,И64.90
Suicoke Sandals Nots-Mab (Black),И259.90,И129.90
Reebok Aztrek (Grey / Teal / Purple),И89.90,И49.90
Hi-Tec HTS Silver Shadow RGS (Bone White / Blue / Turquoise),И179.90,И99.90
Asics Gel-Mai (Black / White),И129.90,И74.90
Asics Gel-DS Trainer OG (White / Grey),И129.90,И64.90
Nike EXP-X14 SE (Grey),И134.90,И69.90
adidas Micropacer x R1 (Black),И169.90,И84.90
Nike SB Zoom Blazer Chukka XT Premium (Bronze),И94.90,И59.90
Vans Authentic 44 DX (Black / Check),И79.90,И64.90
Reebok Run_R 96 (Black),И219.90,И124.90
Asics HyperGel Lyte (Black),И129.90,И74.90
Reebok Bolton (White / Blue),И99.90,И54.90
Asics Gel Saga (White / Lilac),И109.90,И84.90
adidas Boston Super x R1 (Black),И139.90,И64.90
adidas Lucas Premiere Mid (Black / Rose),И99.90,И54.90
Suicoke Sandals Zavo-VHL (Cow),И259.90,И129.90
New Balance ML840 NTB (Black),И119.90,И69.90
Nike Air Max 180 ''Black & Ocean Pack'' (Blue / White),И139.90,И79.90
"New Balance M991 NVB ""Made in England"" (Navy)",И189.90,И134.90
Vans Era 95 DX Anaheim Factory (OG Saffron),И79.90,И64.90
Asics Gel-Mai (Grey),И139.90,И74.90
Nike Air Max 2 Light ''Blue Lagoon'' (White / Turquoise),И139.90,И84.90
Suicoke Sandals Moto-VHL (Cow),И254.90,И129.90
Reebok Workout Plus 1987 TV (White),И119.90,И64.90
Reebok Aztrek (White / Black),И89.90,И64.90
adidas Gazelle Super x Alltimers (Brown),И109.90,И59.90
Asics Gel Saga (White / Red),И109.90,И84.90
adidas Lucas Premiere PK (Navy Melange),И129.90,И64.90
New Balance M999 JTA (Red),И219.90,И149.90
adidas Munchen Super Spezial (Blue),И109.90,И84.90
Asics Gel-Mai (Lavender),И139.90,И74.90
adidas Nite Jogger (Black / Orange),И149.90,И99.90
Saucony Shadow 6000 ''Machine Pack'' (Beige),И129.90,И74.90
New Balance MS247TG ''Tritium Pack'' (Grey),И109.90,И64.90
Reebok Run_R 96 (White / Black),И219.90,И99.90
New Balance MS247 MA (Blue),И99.90,И59.90
adidas Stan Smith (Grey),И119.90,И59.90
Reebok Classic Leather (Red / White),И99.90,И64.90
Saucony Grid SD HT (Red / Tan),И104.90,И64.90
Reebok Sock Run_R (Chalk / White),И249.90,И119.90
adidas Lucas Premiere PK (Grey Melange),И129.90,И64.90
adidas Boston x R1 (Grey),И139.90,И84.90
Saucony Azura (White / Yellow),И99.90,И54.90
adidas 3ST.002 Primeknit (Multi),И159.90,И79.90
Nike Air Max Deluxe (Green),И199.90,И94.90
Nike EXP-X14 SE (Olive),И134.90,И69.90
adidas Y-3 Super High (Black),И299.90,И174.90
Saucony Jazz Original Vintage (Grey / Red),И94.90,И59.90
Nike Air VaporMax Premier Flyknit (Black / Silver),И229.90,И119.90
Reebok Run_R 96 (White),И219.90,И99.90
Reebok Daytona DMX (Grey),И129.90,И79.90
Converse Chuck Taylor 70 Ox Low (Black),И84.90,И64.90
Nike Air Force Max CB (Black),И149.90,И79.90
adidas ZX 452 Spezial (Grey / Rose),И129.90,И59.90
Nike WMNS Air Max 97 SE (White / White),И189.90,И89.90
Reebok 3D OP.98 (Gold / Black),И149.90,И94.90
New Balance MSX90 RLA (Beige),И109.90,И69.90
Reebok Pyro (White / Navy),И89.90,И44.90
"Vans OG SK8-Hi LX ""Inside Out Pack"" (Beige)",И84.90,И64.90
adidas Marathon x 5923 (Blue),И129.90,И64.90
Reebok Aztrek (Black / White),И89.90,И49.90
Converse Chuck Taylor 70 Hi (Black),И89.90,И69.90
Saucony Jazz Original Vintage (Tan),И94.90,И59.90
Saucony Shadow 5000 Vintage (Sand / Blue),И104.90,И74.90
New Balance M1500.9 FT ''Made in England'' (Blue),И179.90,И144.90
"Vans OG Authentic LX ""Inside Out Pack"" (Beige)",И69.90,И54.90
Converse Chuck Taylor 70 Ox Low (White),И84.90,И64.90
Saucony Shadow 5000 Vintage (Beige / Rose),И104.90,И74.90
"Vans UA Classic DX Slip On ""Inside Out Pack"" (Beige)",И69.90,И54.90
adidas Forest Grove (Black / White),И79.90,И39.90
adidas Handball Top (Black),И109.90,И49.90
adidas Rising Star x R1 (Silver),И149.90,И74.90
Converse Chuck Taylor 70 Hi (Creme),И89.90,И69.90
"New Balance CT 576 OGN ""Made in England"" (Navy / Grey)",И149.90,И79.90
adidas Handball Top (Icey Pink),И109.90,И59.90
Reebok Phase 1 84 Archive (White / Collegiate Royal),И99.90,И64.90
Nike Air Span II SE (Grey / White),И109.90,И74.90
Nike SB Zoom Blazer AC XT (Ridgerock),И89.90,И54.90
Reebok 3D OP.98 (Green / Grey),И149.90,И94.90
Reebok ACT 300 (Chalk / Red),И99.90,И59.90
New Balance ML 574 EGW (Nimbus Cloud),И99.90,И64.90
New Balance M998 NE Made in USA (Blue),И219.90,И169.90
adidas Spezial Glenbuck SPZL (Mist Jade / Icey Pink),И129.90,И64.90
Asics Gel Saga (White / Blue),И109.90,И84.90
adidas BW Army (Black),И149.90,И89.90
"adidas F/22 Primeknit ""Atric"" (Blue / White / Trace Orange)",И139.90,И64.90
adidas Stan Smith (Chalk White / Navy),И99.90,И69.90
Reebok Daytona DMX (Grey / Blue),И129.90,И89.90
adidas Spezial Hulton SPZL (Clear Brown / Clear Granite / Scarlet),И119.90,И64.90
Nike SB Zoom Blazer Low (Brown),И89.90,И69.90
adidas Stan Smith (Olive),И119.90,И64.90
"New Balance CT 576 OGG ""Made in England"" (Grey / Navy)",И149.90,И94.90
New Balance MS 574 DA (Black),И139.90,И69.90
Reebok Classic Leather MU (Chalk / Khaki),И99.90,И64.90
New Balance MS 574 BLW (White),И119.90,И79.90
Vans Vault OG SK8-Hi LX (Blue),И89.90,И69.90
adidas Sobakov (White),И119.90,И39.90
adidas 3ST.001 (Red),И99.90,И69.90
"Vans x A Tribe Called Quest UA Classic Slip-On ""ATCQ"" Track (Black / White)",И79.90,И44.90
Asics Gel-Lyte (Marzipan / Cream),И134.90,И69.90
"Karhu Aria УTrack & Field Pack"" (Blue / Grey)",И124.90,И84.90
Vans OG Authentic LX (Blue),И74.90,И59.90
New Balance MS 574 DB (Overcast),И139.90,И74.90
adidas Day One ADO CrazyTrain (Talc / White),И179.90,И44.90
Nike SF Air Force 1 MID (Pueblo Brown),И149.90,И89.90
Nike Air Woven (Green / Grey / White),И139.90,И69.90
adidas Lucas Premiere (Vapour Pink),И89.90,И44.90
adidas GAZELLE Super (Black / Red),И109.90,И74.90
Filling Pieces Knit Speed Arch Runner Condor (Black),И209.90,И99.90
Nike WMNS EXP-X14 (Grey / Lilac),И129.90,И64.90
Hi-Tec HTS Badwater 157 ABC OG (Violet Ice / White),И139.90,И39.90
adidas Lucas Premiere Mid (White / Green),И99.90,И69.90
Nike Air Woven (White / Obsidian),И139.90,И69.90
Nike Grandstand II Pinnacle (Sail),И109.90,И64.90
Reebok Pump Supreme Ultraknit (Grey),И199.90,И49.90
Reebok CL Leather II (Black),И109.90,И74.90
adidas City Cup (Navy),И99.90,И74.90
Reebok Classic 83 (Grey / Silver / White),И89.90,И44.90
Asics Gel-Lyte V Sanze Knit (White),И159.90,И64.90
Nike SB Koston Hypervulc (Black / Gunsmoke),И79.90,И54.90
Filling Pieces Knit Speed Arch Runner Condor (White),И209.90,И99.90
adidas GAZELLE PK (Black / Gold / White),И119.90,И79.90
"Reebok Pump Supreme ""Engine"" (Sandstone / White)",И179.90,И49.90
adidas City Cup (Crystal White),И99.90,И74.90
Reebok CL Leather II (White),И109.90,И74.90
Asics Gel-Lyte V Sanze Knit (Mid Grey),И159.90,И64.90
adidas GAZELLE PK (White / Blue),И119.90,И79.90
"Reebok Pump Supreme ""Engine"" (Grey / White)",И179.90,И49.90
adidas Twinstrike ADV (Black / Blue / Red),И179.90,И99.90
Nike SF Air Force 1 Hi Boot (Ridgerock / Black),И189.90,И99.90
New Balance M9915D BU ''Made in England'' (Burgundy),И189.90,И129.90
Adidas EQT Support Mid ADV Primeknit (white),И159.90,И69.90
"New Balance M 997 DS2 ""Made in USA"" (Light Grey)",И199.90,И134.90
adidas Twinstrike ADV (White),И179.90,И99.90
Saucony Shadow 5000 EVR (Red),И179.90,И74.90
Vans x Aries OG Classic Slip-On (Red),И119.90,И64.90
"Reebok Pump Supreme ""Engine"" (Black / Chalk)",И179.90,И49.90
"adidas EQT Support ADV Summer ""Atric"" (Orange)",И129.90,И64.90
adidas Swift Run PK (Multi / Grey),И119.90,И49.90
adidas City Cup (Black),И99.90,И74.90
Saucony DXN Trainer Vintage (White / Pink / Purple),И99.90,И54.90
adidas NMD R1 PK (Black / Aero Green),И179.90,И94.90
Nike Blazer Studio Low (Cobblestone),И99.90,И44.90
"New Balance M 997 DT2 ""Made in USA"" (Silver Mint)",И199.90,И134.90
adidas Spezial Handball Kreft SPZL (Royal / White / Bright Blue),И119.90,И64.90
"adidas Quesence ""Grey Two"" OG (Grey / Pink)",И109.90,И54.90
adidas City Cup (White),И99.90,И74.90
Saucony DXN Trainer Vintage (White / Gum),И99.90,И54.90
Nike Air Max 98 SE (Team Red / Habanero Red),И184.90,И129.90
Saucony Shadow 5000 Vintage (Grey / Blue),И104.90,И69.90
New Balance MRL 247 WS (White),И119.90,И79.90
Nike Benassi JDI Chenille (Black / Summit White),И49.90,И34.90
Vans x Aries OG Classic Slip-On (White),И119.90,И49.90
"adidas x Pharrell Williams HOLI Stan Smith MC ""Powder Dye"" (Multi)",И129.90,И59.90
adidas Lucas Premiere (Black / Ash Pearl),И99.90,И49.90
Nike SB Zoom Blazer Low (Vintage Coral / Fossil),И89.90,И54.90
Reebok Workout Plus (Black / Gum),И89.90,И49.90
New Balance ML99 HSB (Black / Pink / Grey),И149.90,И94.90
Nike SB Zoom Blazer Low (Yellow Ochre),И89.90,И64.90
Reebok Instapump Fury OG Ultraknit (Power Grey / Cloud Grey),И249.90,И149.90
Reebok x Opening Ceremony Ex-O-Fit Hi (White / Gum),И109.90,И54.90
Reebok Workout Clean Ripple Vintage (Black),И99.90,И39.90
adidas Quesence (Burgundy / Black),,
Saucony Shadow 5000 Vintage (Beige / Red),И104.90,И69.90
New Balance ML99D HLW (White / Mint / Pink),И149.90,И89.90
New Balance MRL 247 N4 (Grey / Green),И129.90,И69.90
Nike EXP-X14 SE ''JDI'' (Black),И134.90,И69.90
Reebok Pump Supreme Ultraknit (Black / Moss / White),И199.90,И49.90
"Karhu Fusion 2.0 УLinnut Pack "" (Mineral Blue / Pale Kaki)",И134.90,И84.90
Nike Flyknit Trainer (Grey),И164.90,И74.90
New Balance ML 840 BB (Black / Red / Blue),И109.90,И69.90
Reebok Aztrek OG (Chalk / Rose),И89.90,И59.90
adidas by Alexander Wang AW Adilette (White),И114.90,И79.90
Y-3 Adilette (White),И159.90,И49.90
New Balance MRL 274 OF (Black),И129.90,И59.90
Reebok Pump Supreme Ultraknit (White / Black),И199.90,И49.90
Nike Air Max Deluxe (Blue),И199.90,И99.90
Reebok Zoku Runner ULTK Gum (White),И119.90,И39.90
Reebok Phase 1 84 Archive (Ecru / Pure Silver),И99.90,И64.90
New Balance MS 574 DOA (Black),И129.90,И64.90
adidas EQT Cushion ADV (Blue / White),И139.90,И69.90
adidas by Alexander Wang AW Run Mid (Crag),И199.90,И79.90
adidas Stan Smith (White / Noble Ink),И99.90,И49.90
ћужские кроссовки DiadoraN9000 TXS H MESH,16 990 –уб.,13 592 –уб.
ћужские кроссовки DiadoraB.ELITE S L,14 990 –уб.,11 992 –уб.
ћужские кроссовки DiadoraN9000 H C SW,15 990 –уб.,12 792 –уб.
ћужские кроссовки DiadoraN9000 H C SW,15 990 –уб.,12 792 –уб.
ћужские кроссовки DiadoraN9000 TXS H MESH,16 990 –уб.,13 592 –уб.
ћужские кроссовки DiadoraN9000 H ITA,18 990 –уб.,15 192 –уб.
ћужские кроссовки DiadoraCAMARO H ITALIA,15 990 –уб.,12 792 –уб.
ћужские кроссовки DiadoraCAMARO H ITALIA,15 990 –уб.,12 792 –уб.
ћужские кроссовки DiadoraB.ORIGINAL H LEATHER DIRTY,13 990 –уб.,11 192 –уб.
ћужские кроссовки DiadoraN9000 H ITA,18 990 –уб.,15 192 –уб.
ћужские кроссовки DiadoraB.ELITE H ITALIA,17 990 –уб.,14 392 –уб.
ћужские кроссовки DiadoraEQUIPE ITA,15 990 –уб.,12 792 –уб.
ћужские кроссовки DiadoraEQUIPE ITA,15 990 –уб.,12 792 –уб.
ћужские кроссовки DiadoraEQUIPE ITA,15 990 –уб.,12 792 –уб.
ћужские кроссовки DiadoraEQUIPE H CANVAS STONE WASH,13 990 –уб.,11 192 –уб.
ћужские кроссовки DiadoraEQUIPE H CANVAS STONE WASH,13 990 –уб.,11 192 –уб.
ћужские кроссовки DiadoraN9000 TXS H STONE WASH,16 990 –уб.,13 592 –уб.
ћужские кроссовки DiadoraN9000 H ITA,18 990 –уб.,15 192 –уб.
ћужские кроссовки DiadoraN9000 H ITA,18 990 –уб.,15 192 –уб.
ћужские кроссовки DiadoraN9000 H ITA,18 990 –уб.,15 192 –уб.
ћужские кроссовки DiadoraB.ELITE H ITALIA,17 990 –уб.,14 392 –уб.
ћужские кроссовки LacosteLT FIT 119 4 SMA,10 980 –уб.,7 686 –уб.
ћужские кроссовки New BalanceNB247,10 990 –уб.,7 650 –уб.
ћужские кроссовки AdidasNMD_R2,10 990 –уб.,7 650 –уб.
ћужские кроссовки ReebokCL LTHR,7 390 –уб.,5 150 –уб.
ћужские кроссовки AdidasNMD_R2,10 990 –уб.,7 650 –уб.
ћужские кроссовки LacosteLT FIT 119 5 SMA,10 980 –уб.,7 686 –уб.
ћужские кроссовки AsicsGEL-LYTE,7 490 –уб.,5 243 –уб.
ћужские кроссовки AdidasNMD_R2,10 990 –уб.,7 650 –уб.
ћужские кроссовки New BalanceNB247,9 990 –уб.,6 950 –уб.
ћужские кроссовки New BalanceNB755,14 990 –уб.,10 450 –уб.
ћужские кроссовки AdidasNMD_R2,10 990 –уб.,7 650 –уб.
ћужские кроссовки DiadoraSIMPLE RUN,4 990 –уб.,3 493 –уб.
ћужские кроссовки NikeAir Max Vision,8 990 –уб.,6 250 –уб.
ћужские кроссовки AsicsGEL-LYTE,6 990 –уб.,4 893 –уб.
ћужские кроссовки New BalanceNB247,10 990 –уб.,7 650 –уб.
ћужские кроссовки New BalanceNB996,13 990 –уб.,9 750 –уб.
ћужские кроссовки New BalanceNB755,14 990 –уб.,10 450 –уб.
ћужские кроссовки New BalanceNB755,14 990 –уб.,10 450 –уб.
ћужские кроссовки New BalanceNB520,9 990 –уб.,6 950 –уб.
ћужские кроссовки AdidasNMD_R1,11 990 –уб.,8 350 –уб.
ћужские кроссовки AdidasNMD_R1,11 990 –уб.,8 350 –уб.
ћужские кроссовки AsicsGEL-LYTE MT,11 490 –уб.,8 043 –уб.
ћужские кроссовки LacosteLT FIT 119 1 SMA,10 980 –уб.,7 686 –уб.
ћужские кроссовки New BalanceNB420,9 990 –уб.,6 950 –уб.
ћужские кроссовки New BalanceNB996,10 990 –уб.,7 650 –уб.
ћужские кроссовки New BalanceNB520,9 990 –уб.,6 950 –уб.
ћужские кроссовки LacosteLT FIT 119 3 SMA,10 980 –уб.,7 686 –уб.
ћужские кроссовки AsicsGEL-LYTE,7 690 –уб.,5 350 –уб.
ћужские кроссовки AsicsGEL-LYTE,8 490 –уб.,5 950 –уб.
ћужские кроссовки New BalanceNBSRMC,8 990 –уб.,6 250 –уб.
ћужские кроссовки New BalanceNB247,10 990 –уб.,7 650 –уб.
ћужские кроссовки DiadoraTITAN REBORN,7 490 –уб.,5 243 –уб.
ћужские кроссовки AsicsGEL-LYTE,8 490 –уб.,5 950 –уб.
ћужские кроссовки AsicsGELSAGA SOU,6 690 –уб.,4 683 –уб.
ћужские кроссовки LacosteL.IGHT 116 1,9 480 –уб.,6 636 –уб.
ћужские кроссовки New BalanceNB005,9 990 –уб.,6 950 –уб.
ћужские кроссовки New BalanceNB996,10 990 –уб.,7 650 –уб.
ћужские кроссовки AdidasYUNG CHASM,7 490 –уб.,5 243 –уб.
ћужские кроссовки AsicsGEL-LYTE MT,11 490 –уб.,8 043 –уб.
ћужские кроссовки New BalanceX90,13 990 –уб.,9 850 –уб.
ћужские кроссовки AsicsLYTE-TRAINER,5 990 –уб.,4 193 –уб.
ћужские кроссовки New BalanceNB997,10 990 –уб.,7 693 –уб.
ћужские кроссовки FIlaVENOM,6 999 –уб.,4 899 –уб.
ћужские кроссовки AdidasYUNG-96 CHASM,7 490 –уб.,5 243 –уб.
ћужские кроссовки AsicsKANMEI 2,3 990 –уб.,2 793 –уб.
ћужские кроссовки FIlaBOVEASORUS,5 999 –уб.,4 199 –уб.
ћужские кроссовки FIlaBOVEASORUS,5 999 –уб.,4 199 –уб.
ћужские кроссовки New BalanceNB530,11 990 –уб.,8 350 –уб.
ћужские кроссовки AsicsGEL-KENUN KNIT,9 990 –уб.,6 950 –уб.
ћужские кроссовки AsicsGEL-KENUN MX,8 990 –уб.,6 250 –уб.
ћужские кроссовки NikeAir Max Vision,8 990 –уб.,6 250 –уб.
ћужские кроссовки AsicsGEL-LYTE MT,11 490 –уб.,8 043 –уб.
ћужские кроссовки NikeAir Max Nostalgic,6 290 –уб.,4 403 –уб.
ћужские кроссовки New BalanceNB420,9 990 –уб.,6 950 –уб.
ћужские кроссовки AdidasYUNG CHASM,7 490 –уб.,5 243 –уб.
ћужские кроссовки NikeNike Presto Fly World,7 990 –уб.,5 593 –уб.
ћужские кроссовки New BalanceNB755,14 990 –уб.,10 450 –уб.
ћужские кроссовки New BalanceNB755,14 990 –уб.,10 450 –уб.
"ћужские кроссовки AdidasPOD-S3,1",7 990 –уб.,5 593 –уб.
ћужские кроссовки AdidasPROPHERE,8 990 –уб.,6 293 –уб.
ћужские кроссовки LacosteCOURT SLAM 419 1 SMA,12 980 –уб.,9 086 –уб.
ћужские кроссовки PumaRS-X WINTERIZED,8 990 –уб.,6 293 –уб.
ћужские кроссовки NikeAir Max Vision,8 990 –уб.,6 250 –уб.
ћужские кроссовки NikeAir Max Nostalgic,6 290 –уб.,4 403 –уб.
ћужские кроссовки New BalanceNBSRMC,8 990 –уб.,6 250 –уб.
ћужские кроссовки FIlaVENOM,6 999 –уб.,4 899 –уб.
ћужские кроссовки AsicsGEL-VENTURE 7,5 290 –уб.,3 703 –уб.
ћужские кроссовки New BalanceNB373,8 490 –уб.,5 950 –уб.
ћужские кроссовки The North FaceM DELLAN MID  TNF,10 150 –уб.,7 105 –уб.
ћужские кроссовки New BalanceNB996,10 990 –уб.,7 650 –уб.
ћужские кроссовки AsicsCURREO II,4 490 –уб.,3 143 –уб.
ћужские кроссовки Tommy HilfigerLEATHER MATERIAL MIX RUNNER,8 990 –уб.,6 250 –уб.
ћужские кроссовки New BalanceNB755,14 990 –уб.,10 450 –уб.
"ћужские кроссовки AdidasPOD-S3,1",7 990 –уб.,5 593 –уб.
ћужские кроссовки AdidasFOREST GROVE,6 490 –уб.,4 543 –уб.
ћужские кроссовки DiadoraN9000 H ITA,17 490 –уб.,12 243 –уб.
ћужские кроссовки DiadoraN9000 H ITA,17 490 –уб.,12 243 –уб.
ћужские кроссовки PumaALTERATION†KURVE,11 990 –уб.,8 393 –уб.
ћужские кроссовки NikeNike Air Max Axis,8 490 –уб.,5 950 –уб.
ћужские кроссовки NikeNike Air Max Axis,8 490 –уб.,5 950 –уб.
ћужские кроссовки New BalanceNB840,10 990 –уб.,7 650 –уб.
ћужские кроссовки AsicsGEL-LYTE V SANZE,7 990 –уб.,5 593 –уб.
ћужские кроссовки DiadoraSIMPLE RUN,4 990 –уб.,3 493 –уб.
ћужские кроссовки NikeNike Air Max Axis,8 290 –уб.,5 803 –уб.
ћужские кроссовки Tommy HilfigerJUUSO 1C2,11 990 –уб.,8 350 –уб.
ћужские кроссовки AsicsGEL-KENUN Lyte,6 490 –уб.,4 543 –уб.
ћужские кроссовки Tommy HilfigerCHUNKY MATERIAL MIX SNEAKER,11 990 –уб.,8 393 –уб.
ћужские кроссовки AsicsGEL-LYTE RUNNER,5 990 –уб.,4 193 –уб.
ћужские кроссовки AsicsCURREO II,4 490 –уб.,3 143 –уб.
ћужские кроссовки LacosteTHRILL 319 1 US SMA,10 980 –уб.,7 686 –уб.
ћужские кроссовки LacosteTHRILL 319 1 US SMA,10 980 –уб.,7 686 –уб.
ћужские кроссовки AdidasCONTINENTAL 80,7 490 –уб.,5 243 –уб.
ћужские кроссовки AsicsGEL-CONTEND 5 SL,4 990 –уб.,3 493 –уб.
ћужские кроссовки AsicsKANMEI 2,3 990 –уб.,2 793 –уб.
ћужские кроссовки AdidasFOREST GROVE,6 490 –уб.,4 550 –уб.
ћужские кроссовки AdidasPROPHERE,8 990 –уб.,6 293 –уб.
ћужские кроссовки DiadoraN9000 H ITA,17 490 –уб.,12 243 –уб.
ћужские кроссовки PumaALTERATION†KURVE,11 990 –уб.,8 393 –уб.
ћужские кроссовки AsicsGEL-BND,7 990 –уб.,5 593 –уб.
ћужские кроссовки Tommy HilfigerTOMMY JEANS SIGNATURE SNEAKER,8 990 –уб.,6 293 –уб.
ћужские кроссовки DiadoraTITAN REBORN,7 490 –уб.,5 243 –уб.
ћужские кроссовки AdidasEQT CUSHION ADV,11 990 –уб.,8 350 –уб.
ћужские кроссовки LacosteCOURT SLAM 419 1 SMA,12 980 –уб.,9 086 –уб.
ћужские кроссовки LacosteCOURT SLAM 419 1 SMA,12 980 –уб.,9 086 –уб.
ћужские кроссовки AsicsHyperGEL-LYTE,8 990 –уб.,6 250 –уб.
ћужские кроссовки LacosteL.IGHT 118 1,9 480 –уб.,6 636 –уб.
ћужские кроссовки AsicsGEL-LYTE V SANZE MT,9 990 –уб.,6 950 –уб.
ћужские кроссовки LacosteCOURT SLAM 319 2 SMA,11 980 –уб.,8 386 –уб.
ћужские кроссовки AdidasTERREX AX3 BETA,8 490 –уб.,5 943 –уб.
ћужские кроссовки FIlaDISRUPTOR II SPLATTER,7 999 –уб.,5 599 –уб.
ћужские кроссовки FIlaDISRUPTOR II,7 999 –уб.,5 599 –уб.
ћужские кроссовки AsicsLYTE-JOGGER,5 590 –уб.,3 913 –уб.
ћужские кроссовки New BalanceNB997,10 990 –уб.,7 693 –уб.
ћужские кроссовки Tommy HilfigerCHUNKY LEATHER TRAINER,12 990 –уб.,9 093 –уб.
ћужские кроссовки AsicsGEL-LYTE RUNNER,5 990 –уб.,4 193 –уб.
ћужские кроссовки AsicsCURREO II,4 490 –уб.,3 143 –уб.
ћужские кроссовки NikeNike Air Huarache Run Ultra Men's Shoe,10 290 –уб.,7 203 –уб.
ћужские кроссовки NikeNike Presto Fly World,7 990 –уб.,5 593 –уб.
ћужские кроссовки AsicsGEL-VENTURE 7,5 290 –уб.,3 703 –уб.
ћужские кроссовки ReebokDAYTONA DMX,9 990 –уб.,6 993 –уб.
ћужские кроссовки AdidasFOREST GROVE,6 490 –уб.,4 550 –уб.
ћужские кроссовки Tommy HilfigerDANIEL 1A2 KNIT DETAIL,8 990 –уб.,6 293 –уб.
ћужские кроссовки Tommy HilfigerMAXWELL 11C19,8 990 –уб.,6 293 –уб.
ћужские кроссовки New BalanceNB597,11 990 –уб.,8 350 –уб.
ћужские кроссовки New BalanceNB373,8 490 –уб.,5 950 –уб.
ћужские кроссовки The North FaceM EDGEWOOD CHUKKA,11 290 –уб.,7 903 –уб.
ћужские кроссовки Tommy HilfigerLIGHTWEIGHT LEATHER SNEAKER,8 990 –уб.,6 293 –уб.
ћужские кроссовки PumaRS-X WINTERIZED,8 990 –уб.,6 293 –уб.
ћужские кроссовки NikeAir Max Vision,8 990 –уб.,6 250 –уб.
ћужские кроссовки Tommy HilfigerJUUSO 1C2,11 990 –уб.,8 350 –уб.
ћужские кроссовки DiadoraV7000 WEAVE II,7 790 –уб.,5 450 –уб.
ћужские кроссовки LacosteJOGGEUR 2.0 318 1,12 480 –уб.,8 736 –уб.
ћужские кроссовки The North FaceM B-TO-B REDX AVERY,13 300 –уб.,9 250 –уб.
ћужские кроссовки LacosteCOURT SLAM 319 2 SMA,11 980 –уб.,8 386 –уб.
ћужские кроссовки FIlaDISRUPTOR II SPLATTER,7 999 –уб.,5 599 –уб.
ћужские кроссовки AsicsCLASSIC TEMPO,3 990 –уб.,2 793 –уб.
ћужские кроссовки DiadoraCAMARO H S SW,12 490 –уб.,8 743 –уб.
ћужские кроссовки NikeNike Air Huarache Run Ultra Men's Shoe,10 290 –уб.,7 203 –уб.
ћужские кроссовки ReebokWORKOUT PLUS ATI 3,6 990 –уб.,4 893 –уб.
ћужские кроссовки AsicsLYTE-TRAINER,5 990 –уб.,4 193 –уб.
ћужские кроссовки AdidasFOREST GROVE,6 490 –уб.,4 550 –уб.
ћужские кроссовки Tommy HilfigerMAXWELL 11A,10 990 –уб.,7 650 –уб.
ћужские кроссовки AsicsAARON,4 490 –уб.,3 050 –уб.
ћужские кроссовки AdidasFOREST GROVE,6 990 –уб.,4 893 –уб.
ћужские кроссовки AsicsGEL-LYTE,7 490 –уб.,5 243 –уб.
"ћужские кроссовки AdidasPOD-S3,1",7 990 –уб.,5 593 –уб.
ћужские кроссовки AdidasDEERUPT RUNNER,7 990 –уб.,5 593 –уб.
ћужские кроссовки AdidasDEERUPT RUNNER,7 990 –уб.,5 593 –уб.
ћужские кроссовки New BalanceNB597,11 990 –уб.,8 350 –уб.
ћужские кроссовки AsicsGEL-LYTE V SANZE MT G-TX,11 490 –уб.,8 043 –уб.
ћужские кроссовки DiadoraTITAN REBORN,7 490 –уб.,5 243 –уб.
ћужские кроссовки FIlaRAY TRACER,5 999 –уб.,4 199 –уб.
ћужские кроссовки New BalanceNB597,9 990 –уб.,6 950 –уб.
ћужские кроссовки AsicsGEL-LYTE V SANZE,7 990 –уб.,5 593 –уб.
ћужские кроссовки AdidasSAMBA OG,6 990 –уб.,4 893 –уб.
ћужские кроссовки AsicsKANMEI MX,3 990 –уб.,2 793 –уб.
ћужские кроссовки AsicsKANMEI MX,3 990 –уб.,2 793 –уб.
ћужские кроссовки DiadoraCAMARO H S SW,12 490 –уб.,8 743 –уб.
ћужские кроссовки DiadoraN9000 H MESH ITALIA,16 490 –уб.,11 543 –уб.
ћужские кроссовки AdidasNITE JOGGER,9 990 –уб.,6 993 –уб.
ћужские кроссовки LacosteEXPLORATEUR CLASSICLO3183,11 980 –уб.,8 350 –уб.
ћужские кроссовки FIlaRAY TRACER,5 999 –уб.,4 199 –уб.
ћужские кроссовки FIlaRAY TRACER,5 999 –уб.,4 199 –уб.
ћужские кроссовки Tommy HilfigerICONIC MATERIAL MIX RUNNER,8 490 –уб.,5 943 –уб.
ћужские кроссовки DiadoraB.ELITE H ITALIA,16 490 –уб.,11 543 –уб.
ћужские кроссовки DiadoraN902 SPECKLED,7 990 –уб.,5 593 –уб.
ћужские кроссовки AsicsCURREO II,4 490 –уб.,2 950 –уб.
ћужские кроссовки AsicsCURREO II,4 490 –уб.,2 950 –уб.
ћужские кроссовки New BalanceNB996,13 990 –уб.,8 350 –уб.
ћужские кроссовки LacosteLT FIT 118 4,8 490 –уб.,5 050 –уб.
ћужские кроссовки AdidasTERREX PATHMAKER CW,12 990 –уб.,7 750 –уб.
ћужские кроссовки LacosteLT FIT 118 4,8 490 –уб.,5 050 –уб.
ћужские кроссовки NikeAir Max Prime,9 790 –уб.,5 850 –уб.
ћужские кроссовки LacosteLT SPIRIT 2.0 118 1,9 490 –уб.,5 650 –уб.
ћужские кроссовки NikeAir Max Guile,8 290 –уб.,4 950 –уб.
ћужские кроссовки New BalanceNB574,11 990 –уб.,7 150 –уб.
ћужские кроссовки New BalanceNB574S,10 990 –уб.,6 550 –уб.
ћужские кроссовки PumaCell Venom,9 490 –уб.,5 650 –уб.
ћужские кроссовки New BalanceNB574S,10 990 –уб.,6 550 –уб.
ћужские кроссовки LacosteLT SPIRIT 2.0 118 1,9 490 –уб.,5 650 –уб.
ћужские кроссовки New BalanceNB574,13 990 –уб.,8 350 –уб.
ћужские кроссовки NikeMens Nike Air Max Motion Low Shoe,7 490 –уб.,4 450 –уб.
ћужские кроссовки ReebokWORKOUT PLUS,6 990 –уб.,4 150 –уб.
ћужские кроссовки DiadoraN902 SPECKLED,7 990 –уб.,4 750 –уб.
ћужские кроссовки PumaCell Endura  Patent 98,10 990 –уб.,6 550 –уб.
ћужские кроссовки DiadoraN9002,8 990 –уб.,5 394 –уб.
ћужские кроссовки New BalanceNB574 MID,13 990 –уб.,8 350 –уб.
ћужские кроссовки NikeAir Max Guile,8 290 –уб.,4 950 –уб.
ћужские кроссовки PumaCell Venom,9 490 –уб.,5 650 –уб.
ћужские кроссовки Tommy HilfigerMATERIAL MIX LIGHTWEIGHT RUNNER,11 990 –уб.,7 150 –уб.
ћужские кроссовки Tommy HilfigerCORPORATE LEATHER RUNNER,8 990 –уб.,5 350 –уб.
ћужские кроссовки AdidasEQT SUPPORT ADV,10 990 –уб.,6 550 –уб.
ћужские кроссовки NikeAir Imperiali,5 690 –уб.,3 350 –уб.
ћужские кроссовки NikeAir Max Axis,8 290 –уб.,4 950 –уб.
ћужские кроссовки NikeAir Pegasus 83,6 490 –уб.,3 850 –уб.
ћужские кроссовки Hugo BossVelocity Running Inspired Sneakers in Mesh,17 500 –уб.,10 450 –уб.
ћужские кроссовки Hugo BossTitanium Running Inspired Sneakers in Knit,17 500 –уб.,10 500 –уб.
ћужские кроссовки Tommy HilfigerCORPORATE LEATHER RUNNER,8 990 –уб.,5 350 –уб.
ћужские кроссовки LacosteLT DUAL ELITE 118 1,10 990 –уб.,6 550 –уб.
ћужские кроссовки New BalanceNB996,10 990 –уб.,6 550 –уб.
ћужские кроссовки New BalanceNB996,10 990 –уб.,6 550 –уб.
ћужские кроссовки DiadoraN9002,8 990 –уб.,5 394 –уб.
ћужские кроссовки New BalanceNB574S,13 990 –уб.,8 350 –уб.
ћужские кроссовки AdidasEQT SUPPORT ADV,10 990 –уб.,6 550 –уб.
ћужские кроссовки DiadoraN9000 CVSD,7 990 –уб.,4 750 –уб.
ћужские кроссовки AsicsGEL-LYTE V SANZE MT G-TX,11 490 –уб.,6 850 –уб.
ћужские кроссовки DiadoraN.92,4 990 –уб.,2 950 –уб.
ћужские кроссовки NikeAir Max Grigora,7 990 –уб.,4 750 –уб.
ћужские кроссовки Hugo BossVelocity Running Inspired Sneakers in Mesh,17 500 –уб.,10 450 –уб.
ћужские кроссовки New BalanceNB574,11 990 –уб.,7 150 –уб.
ћужские кроссовки PumaTSUGI Cage Roasted,8 990 –уб.,5 350 –уб.
ћужские кроссовки NikeAir Imperiali,5 690 –уб.,3 350 –уб.
ћужские кроссовки LacosteLT FIT 118 4,8 490 –уб.,5 050 –уб.
ћужские кроссовки Hugo BossVelocity Sporty Running Sneakers in Mesh,15 500 –уб.,9 250 –уб.
ћужские кроссовки NikeAir Max Grigora,7 990 –уб.,4 750 –уб.
ћужские кроссовки Hugo BossParkour Running Retro Sneakers in Leather,15 500 –уб.,9 250 –уб.
ћужские кроссовки Hugo BossVelocity Sporty Running Sneakers in Reflective Mat,15 500 –уб.,9 250 –уб.
ћужские кроссовки ReebokWORKOUT PLUS,6 990 –уб.,4 150 –уб.
ћужские кроссовки DiadoraN9000 PREMIUM,11 490 –уб.,6 850 –уб.
ћужские кроссовки New BalanceNB574,9 990 –уб.,5 950 –уб.
ћужские кроссовки AsicsGEL-LYTE V,8 590 –уб.,5 150 –уб.
ћужские кроссовки DiadoraN.92,4 990 –уб.,2 950 –уб.
ћужские кроссовки NikeAir Vibenna,5 690 –уб.,3 350 –уб.
ћужские кроссовки DiadoraK-RUN II,6 490 –уб.,3 850 –уб.
ћужские кроссовки DiadoraN9002,8 990 –уб.,5 350 –уб.
ћужские кроссовки The North FaceM EDGEWOOD CHUKKA,9 990 –уб.,5 950 –уб.
ћужские кроссовки NikeAir Pegasus 83,6 490 –уб.,3 850 –уб.
ћужские кроссовки Hugo BossVelocity Sporty Running Sneakers in Reflective Mat,15 500 –уб.,9 250 –уб.
ћужские кроссовки LacosteJOGGEUR 118 1,10 990 –уб.,6 550 –уб.
ћужские кроссовки New BalanceNiobium,15 990 –уб.,9 550 –уб.
ћужские кроссовки Tommy HilfigerCORPORATE LEATHER RUNNER,8 990 –уб.,5 350 –уб.
ћужские кроссовки NikeAir Max Command,9 990 –уб.,5 950 –уб.
ћужские кроссовки The North FaceM EDGEWOOD CHUKKA,10 150 –уб.,6 050 –уб.
ћужские кроссовки AsicsCLASSIC TEMPO,5 490 –уб.,3 250 –уб.
ћужские кроссовки LacosteEXPLORATEUR CLASSICLO3181,11 980 –уб.,6 450 –уб.
ћужские кроссовки LacosteLT DUAL ELITE 118 1,10 990 –уб.,5 850 –уб.
ћужские кроссовки DiadoraTITAN 2,6 490 –уб.,3 550 –уб.
ћужские кроссовки AdidasZX 750 WV           CBLACK/FTWWHT/UTIBLK,9 990 –уб.,5 450 –уб.
ћужские кроссовки DiadoraTITAN 2,6 490 –уб.,3 550 –уб.
ћужские кроссовки AdidasCrazy 1 ADV,11 990 –уб.,6 550 –уб.
ћужские кроссовки DiadoraTITAN 2,6 490 –уб.,3 550 –уб.
ћужские кроссовки DiadoraN9000 MODERNA,9 980 –уб.,4 990 –уб.
ћужские кроссовки New BalanceNB996,11 990 –уб.,5 950 –уб.
ћужские кроссовки DiadoraN9000 MODERNA,9 980 –уб.,4 990 –уб.
ћужские кроссовки New BalanceNB996,11 990 –уб.,5 950 –уб.
ћужские кроссовки New BalanceNB574S,11 990 –уб.,5 950 –уб.
ћужские кроссовки SkechersQUANTUM-FLEX ROOD,5 990 –уб.,2 995 –уб.
ћужские кроссовки DiadoraN9000 MM EVO,9 980 –уб.,4 990 –уб.
ћужские кроссовки New BalanceNB574S,11 990 –уб.,5 950 –уб.
ћужские кроссовки SkechersMARAUDER MERSHON,5 990 –уб.,2 995 –уб.
ћужские кроссовки DiadoraN9000 MM EVO,9 980 –уб.,4 990 –уб.
ћужские кроссовки Polo Ralph LaurenTRAIN150-SNEAKERS-ATHLETIC SHOE,10 490 –уб.,5 245 –уб.
ћужские кроссовки DiadoraN.9000 WNT,11 990 –уб.,5 950 –уб.
ћужские кроссовки Polo Ralph LaurenTRAIN150-SNEAKERS-ATHLETIC SHOE,10 490 –уб.,5 245 –уб.
ћужские кроссовки AsicsGEL-LYTE,8 190 –уб.,4 095 –уб.
ћужские кроссовки SkechersQUANTUM-FLEX ROOD,5 990 –уб.,2 995 –уб.
ћужские кроссовки New BalanceNBTBA,14 990 –уб.,7 450 –уб.
ћужские кроссовки New BalanceNBTBA,14 990 –уб.,7 450 –уб.
ћужские кроссовки FIlaLUMINANCE,5 999 –уб.,2 999 –уб.
ћужские кроссовки SkechersSKECH-FLEX 2.0DISBY,5 990 –уб.,2 995 –уб.
ћужские кроссовки New BalanceNB574,10 990 –уб.,5 450 –уб.
ћужские кроссовки New BalanceNB574,10 990 –уб.,5 450 –уб.
ћужские кроссовки New BalanceNB574S,11 990 –уб.,5 950 –уб.
ћужские кроссовки LacosteWILDCARD 319 4 US SMA,14 980 –уб.,7 450 –уб.
ћужские кроссовки DiadoraMYTHOS BLUSHIELD 3,11 990 –уб.,5 995 –уб.
ћужские кроссовки New BalanceNB996,11 990 –уб.,5 950 –уб.
ћужские кроссовки FIlaUPROOT,5 999 –уб.,2 999 –уб.
ћужские кроссовки FIlaCREATOR,5 999 –уб.,2 999 –уб.
ћужские кроссовки FIlaLUMINANCE,5 999 –уб.,2 999 –уб.
ћужские кроссовки Tommy HilfigerNEVIS 01C2,10 990 –уб.,5 495 –уб.
ћужские кроссовки AsicsGEL-KAYANO 5 360,11 990 –уб.,5 995 –уб.
ћужские кроссовки DiadoraN9000 PREMIUM,11 980 –уб.,5 990 –уб.
ћужские кроссовки New BalanceNB574S,11 990 –уб.,5 950 –уб.
ћужские кроссовки LacosteWILDCARD 319 1 SMA,14 480 –уб.,7 240 –уб.
ћужские кроссовки DiadoraMYTHOS BLUSHIELD TRAIL,10 990 –уб.,5 495 –уб.
ћужские кроссовки FIlaUPROOT,5 999 –уб.,2 999 –уб.
ћужские кроссовки FIlaUPROOT,5 999 –уб.,2 999 –уб.
ћужские кроссовки FIlaCREATOR,5 999 –уб.,2 999 –уб.
ћужские кроссовки FIlaCREATOR,5 999 –уб.,2 999 –уб.
ћужские кроссовки AsicsGEL-KAYANO 5 OG,10 490 –уб.,5 245 –уб.
ћужские кроссовки AsicsGEL-DIABLO,8 990 –уб.,4 495 –уб.
ћужские кроссовки DiadoraT3CH RUN,5 490 –уб.,2 745 –уб.
ћужские кроссовки DiadoraPLAYGROUND S HIGH,5 990 –уб.,2 995 –уб.
ћужские кроссовки FIlaSPAGHETTI LOW,6 990 –уб.,3 495 –уб.
ћужские кроссовки New BalanceNB574,10 990 –уб.,5 450 –уб.
ћужские кроссовки Tommy HilfigerPREMIUM LEATHER RUNNER,11 990 –уб.,5 995 –уб.
ћужские кроссовки LacosteWILDCARD 319 1 SMA,14 480 –уб.,7 240 –уб.
ћужские кроссовки LacosteWILDCARD 319 1 SMA,14 480 –уб.,7 240 –уб.
ћужские кроссовки FIlaV94M R LOW,7 990 –уб.,3 995 –уб.
ћужские кроссовки ReebokAZTREK 96,6 990 –уб.,3 495 –уб.
ћужские кроссовки DiadoraINTREPID PREMIUM,9 980 –уб.,4 990 –уб.
ћужские кроссовки AsicsGEL-BND,7 990 –уб.,3 995 –уб.
ћужские кроссовки AsicsGEL-DIABLO,8 990 –уб.,4 495 –уб.
ћужские кроссовки New BalanceNB373,8 490 –уб.,4 245 –уб.
ћужские кроссовки DiadoraV7000 ITALIA,12 980 –уб.,6 490 –уб.
ћужские кроссовки DiadoraI.C 4000 NYL II,7 990 –уб.,3 995 –уб.
ћужские кроссовки LacosteLTR.01 317 5,9 480 –уб.,4 740 –уб.
ћужские кроссовки New BalanceNB574S,11 990 –уб.,5 950 –уб.
ћужские кроссовки LacosteWILDCARD 319 4 US SMA,14 980 –уб.,7 450 –уб.
ћужские кроссовки DiadoraMYTHOS BLUSHIELD HIP 4,11 990 –уб.,5 995 –уб.
ћужские кроссовки DiadoraMYTHOS BLUSHIELD 3,11 990 –уб.,5 995 –уб.
ћужские кроссовки DiadoraMYTHOS BLUSHIELD TRAIL,10 990 –уб.,5 495 –уб.
ћужские кроссовки FIlaLUMINANCE,5 999 –уб.,2 999 –уб.
ћужские кроссовки AdidasNMD_R1 STLT PK,13 990 –уб.,6 950 –уб.
ћужские кроссовки Tommy HilfigerNEVIS 01C2,10 990 –уб.,5 495 –уб.
ћужские кроссовки Tommy HilfigerMAXWELL 11C19,8 990 –уб.,4 495 –уб.
ћужские кроссовки AsicsGEL-KAYANO 5 360,11 990 –уб.,5 995 –уб.
ћужские кроссовки AsicsGEL-BND,7 990 –уб.,3 995 –уб.
ћужские кроссовки DiadoraN9002 PREMIUM,10 990 –уб.,5 495 –уб.
ћужские кроссовки DiadoraK-RUN L II,7 990 –уб.,3 995 –уб.
ћужские кроссовки LacosteLT SPIRIT ELITE 317 2,9 980 –уб.,4 990 –уб.
ћужские кроссовки DiadoraV7000 PREMIUM,9 980 –уб.,4 990 –уб.
ћужские кроссовки AsicsGEL-BND,7 990 –уб.,3 995 –уб.
ћужские кроссовки Tommy HilfigerLIGHTWEIGHT LEATHER SNEAKER,8 990 –уб.,4 495 –уб.
ћужские кроссовки AsicsGEL-BND,6 990 –уб.,3 495 –уб.
ћужские кроссовки AsicsGEL-LYTE XT,8 190 –уб.,4 095 –уб.
ћужские кроссовки AsicsGEL-LYTE XT,8 190 –уб.,4 095 –уб.
ћужские кроссовки DiadoraTITAN 2,5 990 –уб.,2 995 –уб.
ћужские кроссовки AdidasFOREST GROVE,6 990 –уб.,3 495 –уб.
ћужские кроссовки ReebokAZTREK 93,6 990 –уб.,3 495 –уб.
ћужские кроссовки ReebokAZTREK 96 REINVENTE,6 990 –уб.,3 495 –уб.
ћужские кроссовки DiadoraTITAN REBORN,7 490 –уб.,3 745 –уб.
ћужские кроссовки FIlaBOVEASORUS,5 999 –уб.,2 999 –уб.
ћужские кроссовки New BalanceNB574,11 990 –уб.,5 950 –уб.
ћужские кроссовки New BalanceNB996,11 990 –уб.,5 950 –уб.
ћужские кроссовки AdidasTUBULAR DOOM SOCK P,11 990 –уб.,5 950 –уб.
ћужские кроссовки AdidasNMD_R1 STLT PK,13 990 –уб.,6 950 –уб.
ћужские кроссовки DiadoraCAMARO CVSD,5 490 –уб.,2 745 –уб.
ћужские кроссовки Tommy HilfigerDANIEL 1A2 KNIT DETAIL,8 990 –уб.,4 495 –уб.
ћужские кроссовки Hugo BossGym Runn ltpf,19 990 –уб.,9 995 –уб.
ћужские кроссовки AsicsSAKURADA,6 490 –уб.,3 245 –уб.
ћужские кроссовки New BalanceNB373,8 490 –уб.,4 245 –уб.
ћужские кроссовки AdidasCRAZY BYW LVL I,15 990 –уб.,7 995 –уб.
ћужские кроссовки AdidasSAMBA OG,6 990 –уб.,3 495 –уб.
ћужские кроссовки Tommy HilfigerMAXWELL 20B,8 990 –уб.,4 495 –уб.
ћужские кроссовки Tommy HilfigerROYAL 5C2,8 990 –уб.,4 495 –уб.
ћужские кроссовки Tommy HilfigerLEEDS 2C3,8 990 –уб.,4 495 –уб.
ћужские кроссовки New BalanceNB996,10 990 –уб.,5 495 –уб.
ћужские кроссовки DiadoraK-RUN L II,7 990 –уб.,3 995 –уб.
ћужские кроссовки LacosteLTR.01 317 3,9 980 –уб.,4 990 –уб.
ћужские кроссовки LacosteLTR.01 317 3,9 980 –уб.,4 990 –уб.
ћужские кроссовки LacosteLT SPIRIT ELITE 317 2,9 980 –уб.,4 990 –уб.
ћужские кроссовки Hugo BossOrland_Runn_pp,24 500 –уб.,12 250 –уб.
ћужские кроссовки AsicsGELSAGA,9 990 –уб.,4 995 –уб.
ћужские кроссовки AsicsGEL-LYTE V,8 690 –уб.,4 345 –уб.
ћужские кроссовки AsicsGEL-BND,6 990 –уб.,3 495 –уб.
ћужские кроссовки AsicsGEL-BND,6 990 –уб.,3 495 –уб.
ћужские кроссовки PumaR698 Flag,9 990 –уб.,4 995 –уб.
ћужские кроссовки ReebokCL LEATHER RIPPLE TRAIL,7 690 –уб.,3 845 –уб.
ћужские кроссовки ReebokAZTREK DOUBLE MIX TRAIL,7 490 –уб.,3 745 –уб.
ћужские кроссовки DiadoraMYTHOS BLUSHIELD FLY HIP 2,11 990 –уб.,5 995 –уб.
ћужские кроссовки Tommy HilfigerTOMMY JEANS SIGNATURE SNEAKER,8 990 –уб.,4 495 –уб.
ћужские кроссовки Tommy HilfigerLEATHER LIFESTYLE SNEAKER,8 990 –уб.,4 495 –уб.
ћужские кроссовки Tommy HilfigerLEATHER LIFESTYLE SNEAKER,8 990 –уб.,4 495 –уб.
ћужские кроссовки DiadoraMALONE,4 990 –уб.,2 495 –уб.
ћужские кроссовки AdidasYUNG-96 CHASM,7 490 –уб.,3 745 –уб.
ћужские кроссовки AdidasCONTINENTAL 80,7 490 –уб.,3 745 –уб.
ћужские кроссовки ReebokDAYTONA DMX,9 990 –уб.,4 995 –уб.
ћужские кроссовки New BalanceNB840,10 990 –уб.,5 495 –уб.
ћужские кроссовки Tommy HilfigerC2285HARLTON 2A,12 990 –уб.,6 450 –уб.
ћужские кроссовки LacosteLTR.01 316 1,8 990 –уб.,4 495 –уб.
ћужские кроссовки Hugo BossOrland_Runn_pp,24 500 –уб.,12 250 –уб.
ћужские кроссовки AsicsGELSAGA,9 990 –уб.,4 995 –уб.
ћужские кроссовки AsicsGEL-LYTE V,8 690 –уб.,4 345 –уб.
ћужские кроссовки AsicsGEL-BND,6 990 –уб.,3 495 –уб.
ћужские кроссовки AsicsGEL-BND,6 990 –уб.,3 495 –уб.
ћужские кроссовки PumaR698 Flag,9 990 –уб.,4 995 –уб.
ћужские кроссовки ReebokCL LEATHER RIPPLE TRAIL,7 690 –уб.,3 845 –уб.
ћужские кроссовки ReebokAZTREK DOUBLE MIX TRAIL,7 490 –уб.,3 745 –уб.
ћужские кроссовки DiadoraMYTHOS BLUSHIELD FLY HIP 2,11 990 –уб.,5 995 –уб.
ћужские кроссовки Tommy HilfigerTOMMY JEANS SIGNATURE SNEAKER,8 990 –уб.,4 495 –уб.
ћужские кроссовки Tommy HilfigerLEATHER LIFESTYLE SNEAKER,8 990 –уб.,4 495 –уб.
ћужские кроссовки Tommy HilfigerLEATHER LIFESTYLE SNEAKER,8 990 –уб.,4 495 –уб.
ћужские кроссовки DiadoraMALONE,4 990 –уб.,2 495 –уб.
ћужские кроссовки AdidasYUNG-96 CHASM,7 490 –уб.,3 745 –уб.
ћужские кроссовки AdidasCONTINENTAL 80,7 490 –уб.,3 745 –уб.
ћужские кроссовки ReebokDAYTONA DMX,9 990 –уб.,4 995 –уб.
ћужские кроссовки New BalanceNB840,10 990 –уб.,5 495 –уб.
ћужские кроссовки Tommy HilfigerC2285HARLTON 2A,12 990 –уб.,6 450 –уб.
ћужские кроссовки LacosteLTR.01 316 1,8 990 –уб.,4 495 –уб.
