Мужские кроссовки DiadoraN9000 TXS H MESH,16990,13592,https://superstep.ru/catalog/krossovki-obuv-muzh/n9000_txs_h_mesh/#color45012,https://superstep.ru/upload/resize_cache/catalog/280_280_2/DR20117481745012.jpg
Мужские кроссовки DiadoraB.ELITE S L,14990,11992,https://superstep.ru/catalog/krossovki-obuv-muzh/b_elite_s_l/#colorC4656,https://superstep.ru/upload/resize_cache/catalog/280_280_2/DR201172545C4656.jpg
Мужские кроссовки DiadoraN9000 H C SW,15990,12792,https://superstep.ru/catalog/krossovki-obuv-muzh/n9000_h_c_sw/#color30126,https://superstep.ru/upload/resize_cache/catalog/280_280_2/DR20117277930126.jpg
Мужские кроссовки DiadoraN9000 H C SW,15990,12792,https://superstep.ru/catalog/krossovki-obuv-muzh/n9000_h_c_sw/#color60123,https://superstep.ru/upload/resize_cache/catalog/280_280_2/DR20117277960123.jpg
Мужские кроссовки DiadoraN9000 TXS H MESH,16990,13592,https://superstep.ru/catalog/krossovki-obuv-muzh/n9000_txs_h_mesh/#colorC6849,https://superstep.ru/upload/resize_cache/catalog/280_280_2/DR201174817C6849.jpg
Мужские кроссовки DiadoraN9000 H ITA,18990,15192,https://superstep.ru/catalog/krossovki-obuv-muzh/n9000_h_ita/#color40058,https://superstep.ru/upload/resize_cache/catalog/280_280_2/DR20117278240058.jpg
Мужские кроссовки DiadoraCAMARO H ITALIA,15990,12792,https://superstep.ru/catalog/krossovki-obuv-muzh/camaro_h_italia/#color60065,https://superstep.ru/upload/resize_cache/catalog/280_280_2/DR20117473960065.jpg
Мужские кроссовки DiadoraCAMARO H ITALIA,15990,12792,https://superstep.ru/catalog/krossovki-obuv-muzh/camaro_h_italia/#color75070,https://superstep.ru/upload/resize_cache/catalog/280_280_2/DR20117473975070.jpg
Мужские кроссовки DiadoraB.ORIGINAL H LEATHER DIRTY,13990,11192,https://superstep.ru/catalog/krossovki-obuv-muzh/b_original_h_leather_dirty/#color70397,https://superstep.ru/upload/resize_cache/catalog/280_280_2/DR20117474670397.jpg
Мужские кроссовки DiadoraN9000 H ITA,18990,15192,https://superstep.ru/catalog/krossovki-obuv-muzh/n9000_h_ita/#color65141,https://superstep.ru/upload/resize_cache/catalog/280_280_2/DR20117278265141.jpg
Мужские кроссовки DiadoraB.ELITE H ITALIA,17990,14392,https://superstep.ru/catalog/krossovki-obuv-muzh/b_elite_h_italia/#color60125,https://superstep.ru/upload/resize_cache/catalog/280_280_2/DR20117490660125.jpg
Мужские кроссовки DiadoraEQUIPE ITA,15990,12792,https://superstep.ru/catalog/krossovki-obuv-muzh/equipe_ita/#color40058,https://superstep.ru/upload/resize_cache/catalog/280_280_2/DR20117064540058.jpg
Мужские кроссовки DiadoraEQUIPE ITA,15990,12792,https://superstep.ru/catalog/krossovki-obuv-muzh/equipe_ita/#color45032,https://superstep.ru/upload/resize_cache/catalog/280_280_2/DR20117064545032.jpg
Мужские кроссовки DiadoraEQUIPE ITA,15990,12792,https://superstep.ru/catalog/krossovki-obuv-muzh/equipe_ita/#color65141,https://superstep.ru/upload/resize_cache/catalog/280_280_2/DR20117064565141.jpg
Мужские кроссовки DiadoraEQUIPE H CANVAS STONE WASH,13990,11192,https://superstep.ru/catalog/krossovki-obuv-muzh/equipe_h_canvas_stone_wash/#color60065,https://superstep.ru/upload/resize_cache/catalog/280_280_2/DR20117473560065.jpg
Мужские кроссовки DiadoraEQUIPE H CANVAS STONE WASH,13990,11192,https://superstep.ru/catalog/krossovki-obuv-muzh/equipe_h_canvas_stone_wash/#color60125,https://superstep.ru/upload/resize_cache/catalog/280_280_2/DR20117473560125.jpg
Мужские кроссовки DiadoraN9000 TXS H STONE WASH,16990,13592,https://superstep.ru/catalog/krossovki-obuv-muzh/n9000_txs_h_stone_wash/#color60074,https://superstep.ru/upload/resize_cache/catalog/280_280_2/DR20117481860074.jpg
Мужские кроссовки DiadoraN9000 H ITA,18990,15192,https://superstep.ru/catalog/krossovki-obuv-muzh/n9000_h_ita/#color20006,https://superstep.ru/upload/resize_cache/catalog/280_280_2/DR20117278220006.jpg
Мужские кроссовки DiadoraN9000 H ITA,18990,15192,https://superstep.ru/catalog/krossovki-obuv-muzh/n9000_h_ita/#color45032,https://superstep.ru/upload/resize_cache/catalog/280_280_2/DR20117278245032.jpg
Мужские кроссовки DiadoraN9000 H ITA,18990,15192,https://superstep.ru/catalog/krossovki-obuv-muzh/n9000_h_ita/#color65111,https://superstep.ru/upload/resize_cache/catalog/280_280_2/DR20117278265111.jpg
Мужские кроссовки DiadoraB.ELITE H ITALIA,17990,14392,https://superstep.ru/catalog/krossovki-obuv-muzh/b_elite_h_italia/#color75047,https://superstep.ru/upload/resize_cache/catalog/280_280_2/DR20117490675047.jpg
Мужские кроссовки LacosteLT FIT 119 4 SMA,10980,7686,https://superstep.ru/catalog/krossovki-obuv-muzh/lt_fit_119_4_sma/#color02H,https://superstep.ru/upload/resize_cache/catalog/280_280_2/737SMA002802H.jpg
Мужские кроссовки New BalanceNB247,10990,7650,https://superstep.ru/catalog/krossovki-obuv-muzh/nb247_2/#colorDM,https://superstep.ru/upload/resize_cache/catalog/280_280_2/NBMRL247DM.jpg
Мужские кроссовки AdidasNMD_R2,10990,7650,https://superstep.ru/catalog/krossovki-obuv-muzh/nmd_r2_5/#colorR00,https://superstep.ru/upload/resize_cache/catalog/280_280_2/ADCQ2402R00.jpg
Мужские кроссовки ReebokCL LTHR,7390,5150,https://superstep.ru/catalog/krossovki-obuv-muzh/cl_lthr/#colorR00,https://superstep.ru/upload/resize_cache/catalog/280_280_2/RB49799R00.jpg
Мужские кроссовки AdidasNMD_R2,10990,7650,https://superstep.ru/catalog/krossovki-obuv-muzh/nmd_r2_3/#colorR00,https://superstep.ru/upload/resize_cache/catalog/280_280_2/ADCQ2400R00.jpg
Мужские кроссовки LacosteLT FIT 119 5 SMA,10980,7686,https://superstep.ru/catalog/krossovki-obuv-muzh/lt_fit_119_5_sma/#color407,https://superstep.ru/upload/resize_cache/catalog/280_280_2/737SMA0030407.jpg
Мужские кроссовки AsicsGEL-LYTE,7490,5243,https://superstep.ru/catalog/krossovki-obuv-muzh/gel_lyte_18/#color100,https://superstep.ru/upload/resize_cache/catalog/280_280_2/AS1191A024100.jpg
Мужские кроссовки AdidasNMD_R2,10990,7650,https://superstep.ru/catalog/krossovki-obuv-muzh/nmd_r2_6/#colorR00,https://superstep.ru/upload/resize_cache/catalog/280_280_2/ADCQ2403R00.jpg
Мужские кроссовки New BalanceNB247,9990,6950,https://superstep.ru/catalog/krossovki-obuv-muzh/nb247_2/#colorDB,https://superstep.ru/upload/resize_cache/catalog/280_280_2/NBMRL247DB.jpg
Мужские кроссовки New BalanceNB755,14990,10450,https://superstep.ru/catalog/krossovki-obuv-muzh/nb755/#colorBR,https://superstep.ru/upload/resize_cache/catalog/280_280_2/NBHL755BR.jpg
Мужские кроссовки AdidasNMD_R2,10990,7650,https://superstep.ru/catalog/krossovki-obuv-muzh/nmd_r2_4/#colorR00,https://superstep.ru/upload/resize_cache/catalog/280_280_2/ADCQ2401R00.jpg
Мужские кроссовки DiadoraSIMPLE RUN,4990,3493,https://superstep.ru/catalog/krossovki-obuv-muzh/simple_run/#color80013,https://superstep.ru/upload/resize_cache/catalog/280_280_2/DR10117374580013.jpg
Мужские кроссовки NikeAir Max Vision,8990,6250,https://superstep.ru/catalog/krossovki-obuv-muzh/air_max_vision/#color001,https://superstep.ru/upload/resize_cache/catalog/280_280_2/NK918230001.jpg
Мужские кроссовки AsicsGEL-LYTE,6990,4893,https://superstep.ru/catalog/krossovki-obuv-muzh/gel_lyte_16/#color102,https://superstep.ru/upload/resize_cache/catalog/280_280_2/AS1191A092102.jpg
Мужские кроссовки New BalanceNB247,10990,7650,https://superstep.ru/catalog/krossovki-obuv-muzh/nb247_2/#colorDW,https://superstep.ru/upload/resize_cache/catalog/280_280_2/NBMRL247DW.jpg
Мужские кроссовки New BalanceNB996,13990,9750,https://superstep.ru/catalog/krossovki-obuv-muzh/nb996_2/#colorBT,https://superstep.ru/upload/resize_cache/catalog/280_280_2/NBMRH996BT.jpg
Мужские кроссовки New BalanceNB755,14990,10450,https://superstep.ru/catalog/krossovki-obuv-muzh/nb755/#colorTA,https://superstep.ru/upload/resize_cache/catalog/280_280_2/NBHL755TA.jpg
Мужские кроссовки New BalanceNB755,14990,10450,https://superstep.ru/catalog/krossovki-obuv-muzh/nb755/#colorBL,https://superstep.ru/upload/resize_cache/catalog/280_280_2/NBHL755BL.jpg
Мужские кроссовки New BalanceNB520,9990,6950,https://superstep.ru/catalog/krossovki-obuv-muzh/nb520_1/#colorGF,https://superstep.ru/upload/resize_cache/catalog/280_280_2/NBU520GF.jpg
Мужские кроссовки AdidasNMD_R1,11990,8350,https://superstep.ru/catalog/krossovki-obuv-muzh/nmd_r1/#colorR00,https://superstep.ru/upload/resize_cache/catalog/280_280_2/ADCQ2413R00.jpg
Мужские кроссовки AdidasNMD_R1,11990,8350,https://superstep.ru/catalog/krossovki-obuv-muzh/nmd_r1_1/#colorR00,https://superstep.ru/upload/resize_cache/catalog/280_280_2/ADCQ2414R00.jpg
Мужские кроссовки AsicsGEL-LYTE MT,11490,8043,https://superstep.ru/catalog/krossovki-obuv-muzh/gel_lyte_mt_1/#color001,https://superstep.ru/upload/resize_cache/catalog/280_280_2/AS1193A035001.jpg
Мужские кроссовки LacosteLT FIT 119 1 SMA,10980,7686,https://superstep.ru/catalog/krossovki-obuv-muzh/lt_fit_119_1_sma/#color092,https://superstep.ru/upload/resize_cache/catalog/280_280_2/737SMA0026092.jpg
Мужские кроссовки New BalanceNB420,9990,6950,https://superstep.ru/catalog/krossovki-obuv-muzh/nb420_1/#colorSD,https://superstep.ru/upload/resize_cache/catalog/280_280_2/NBMRL420SD.jpg
Мужские кроссовки New BalanceNB996,10990,7650,https://superstep.ru/catalog/krossovki-obuv-muzh/nb996_6/#color6PN,https://superstep.ru/upload/resize_cache/catalog/280_280_2/NBMRL996PN.jpg
Мужские кроссовки New BalanceNB520,9990,6950,https://superstep.ru/catalog/krossovki-obuv-muzh/nb520_1/#colorGG,https://superstep.ru/upload/resize_cache/catalog/280_280_2/NBU520GG.jpg
Мужские кроссовки LacosteLT FIT 119 3 SMA,10980,7686,https://superstep.ru/catalog/krossovki-obuv-muzh/lt_fit_119_3_sma/#color1E7,https://superstep.ru/upload/resize_cache/catalog/280_280_2/737SMA00271E7.jpg
Мужские кроссовки AsicsGEL-LYTE,7690,5350,https://superstep.ru/catalog/krossovki-obuv-muzh/gel_lyte_19/#color001,https://superstep.ru/upload/resize_cache/catalog/280_280_2/AS1191A056001.jpg
Мужские кроссовки AsicsGEL-LYTE,8490,5950,https://superstep.ru/catalog/krossovki-obuv-muzh/gel_lyte_14/#color701,https://superstep.ru/upload/resize_cache/catalog/280_280_2/AS1191A023701.jpg
Мужские кроссовки New BalanceNBSRMC,8990,6250,https://superstep.ru/catalog/krossovki-obuv-muzh/nbsrmc/#colorGB,https://superstep.ru/upload/resize_cache/catalog/280_280_2/NBMSRMCGB.jpg
Мужские кроссовки New BalanceNB247,10990,7650,https://superstep.ru/catalog/krossovki-obuv-muzh/nb247_2/#colorDT,https://superstep.ru/upload/resize_cache/catalog/280_280_2/NBMRL247DT.jpg
Мужские кроссовки DiadoraTITAN REBORN,7490,5243,https://superstep.ru/catalog/krossovki-obuv-muzh/titan_reborn/#color60030,https://superstep.ru/upload/resize_cache/catalog/280_280_2/DR50117432460030.jpg
Мужские кроссовки AsicsGEL-LYTE,8490,5950,https://superstep.ru/catalog/krossovki-obuv-muzh/gel_lyte_14/#color401,https://superstep.ru/upload/resize_cache/catalog/280_280_2/AS1191A023401.jpg
Мужские кроссовки AsicsGELSAGA SOU,6690,4683,https://superstep.ru/catalog/krossovki-obuv-muzh/gelsaga_sou/#color001,https://superstep.ru/upload/resize_cache/catalog/280_280_2/AS1191A112001.jpg
Мужские кроссовки LacosteL.IGHT 116 1,9480,6636,https://superstep.ru/catalog/krossovki-obuv-muzh/l_ight_116_1/#color003,https://superstep.ru/upload/resize_cache/catalog/280_280_2/731SPM0024003.jpg
Мужские кроссовки New BalanceNB005,9990,6950,https://superstep.ru/catalog/krossovki-obuv-muzh/nb005/#colorBG,https://superstep.ru/upload/resize_cache/catalog/280_280_2/NBMRL005BG.jpg
Мужские кроссовки New BalanceNB996,10990,7650,https://superstep.ru/catalog/krossovki-obuv-muzh/nb996_6/#color6PK,https://superstep.ru/upload/resize_cache/catalog/280_280_2/NBMRL996PK.jpg
Мужские кроссовки AdidasYUNG CHASM,7490,5243,https://superstep.ru/catalog/krossovki-obuv-muzh/yung_chasm_1/#colorR00,https://superstep.ru/upload/resize_cache/catalog/280_280_2/ADF35020R00.jpg
Мужские кроссовки AsicsGEL-LYTE MT,11490,8043,https://superstep.ru/catalog/krossovki-obuv-muzh/gel_lyte_mt_1/#color200,https://superstep.ru/upload/resize_cache/catalog/280_280_2/AS1193A035200.jpg
Мужские кроссовки New BalanceX90,13990,9850,https://superstep.ru/catalog/krossovki-obuv-muzh/x90/#colorRPB,https://superstep.ru/upload/resize_cache/catalog/280_280_2/NBMSX90RPB.jpg
Мужские кроссовки AsicsLYTE-TRAINER,5990,4193,https://superstep.ru/catalog/krossovki-obuv-muzh/lyte_trainer_3/#color100,https://superstep.ru/upload/resize_cache/catalog/280_280_2/AS1201A006100.jpg
Мужские кроссовки New BalanceNB997,10990,7693,https://superstep.ru/catalog/krossovki-obuv-muzh/nb997_2/#colorHAG,https://superstep.ru/upload/resize_cache/catalog/280_280_2/NBCM997HAG.jpg
Мужские кроссовки FIlaVENOM,6999,4899,https://superstep.ru/catalog/krossovki-obuv-muzh/venom/#color117,https://superstep.ru/upload/resize_cache/catalog/280_280_2/FL1RM00584117.jpg
Мужские кроссовки AdidasYUNG-96 CHASM,7490,5243,https://superstep.ru/catalog/krossovki-obuv-muzh/yung_96_chasm_2/#colorR00,https://superstep.ru/upload/resize_cache/catalog/280_280_2/ADEE7238R00.jpg
Мужские кроссовки AsicsKANMEI 2,3990,2793,https://superstep.ru/catalog/krossovki-obuv-muzh/kanmei_2/#color020,https://superstep.ru/upload/resize_cache/catalog/280_280_2/AS1021A011020.jpg
Мужские кроссовки FIlaBOVEASORUS,5999,4199,https://superstep.ru/catalog/krossovki-obuv-muzh/boveasorus/#color013,https://superstep.ru/upload/resize_cache/catalog/280_280_2/FL1RM00576013.jpg
Мужские кроссовки FIlaBOVEASORUS,5999,4199,https://superstep.ru/catalog/krossovki-obuv-muzh/boveasorus/#color100,https://superstep.ru/upload/resize_cache/catalog/280_280_2/FL1RM00576100.jpg
Мужские кроссовки New BalanceNB530,11990,8350,https://superstep.ru/catalog/krossovki-obuv-muzh/nb530_1/#colorVCB,https://superstep.ru/upload/resize_cache/catalog/280_280_2/NBM530VCB.jpg
Мужские кроссовки AsicsGEL-KENUN KNIT,9990,6950,https://superstep.ru/catalog/krossovki-obuv-muzh/gel_kenun_knit/#color3090,https://superstep.ru/upload/resize_cache/catalog/280_280_2/AST832N3090.jpg
Мужские кроссовки AsicsGEL-KENUN MX,8990,6250,https://superstep.ru/catalog/krossovki-obuv-muzh/gel_kenun_mx/#color9090,https://superstep.ru/upload/resize_cache/catalog/280_280_2/AST838N9090.jpg
Мужские кроссовки NikeAir Max Vision,8990,6250,https://superstep.ru/catalog/krossovki-obuv-muzh/air_max_vision/#color401,https://superstep.ru/upload/resize_cache/catalog/280_280_2/NK918230401.jpg
Мужские кроссовки AsicsGEL-LYTE MT,11490,8043,https://superstep.ru/catalog/krossovki-obuv-muzh/gel_lyte_mt_1/#color300,https://superstep.ru/upload/resize_cache/catalog/280_280_2/AS1193A035300.jpg
Мужские кроссовки NikeAir Max Nostalgic,6290,4403,https://superstep.ru/catalog/krossovki-obuv-muzh/air_max_nostalgic/#color006,https://superstep.ru/upload/resize_cache/catalog/280_280_2/NK916781006.jpg
Мужские кроссовки New BalanceNB420,9990,6950,https://superstep.ru/catalog/krossovki-obuv-muzh/nb420_1/#colorSQ,https://superstep.ru/upload/resize_cache/catalog/280_280_2/NBMRL420SQ.jpg
Мужские кроссовки AdidasYUNG CHASM,7490,5243,https://superstep.ru/catalog/krossovki-obuv-muzh/yung_chasm/#colorR00,https://superstep.ru/upload/resize_cache/catalog/280_280_2/ADF35019R00.jpg
Мужские кроссовки NikeNike Presto Fly World,7990,5593,https://superstep.ru/catalog/krossovki-obuv-muzh/nike_presto_fly_world/#color400,https://superstep.ru/upload/resize_cache/catalog/280_280_2/NKAV7763400.jpg
Мужские кроссовки New BalanceNB755,14990,10450,https://superstep.ru/catalog/krossovki-obuv-muzh/nb755/#colorMLA,https://superstep.ru/upload/resize_cache/catalog/280_280_2/NBHL755MLA.jpg
Мужские кроссовки New BalanceNB755,14990,10450,https://superstep.ru/catalog/krossovki-obuv-muzh/nb755/#colorMLC,https://superstep.ru/upload/resize_cache/catalog/280_280_2/NBHL755MLC.jpg
"Мужские кроссовки AdidasPOD-S3,1",7990,5593,https://superstep.ru/catalog/krossovki-obuv-muzh/pod_s3_1/#colorR00,https://superstep.ru/upload/resize_cache/catalog/280_280_2/ADBD7878R00.jpg
Мужские кроссовки AdidasPROPHERE,8990,6293,https://superstep.ru/catalog/krossovki-obuv-muzh/prophere_5/#colorR00,https://superstep.ru/upload/resize_cache/catalog/280_280_2/ADBD7833R00.jpg
Мужские кроссовки LacosteCOURT SLAM 419 1 SMA,12980,9086,https://superstep.ru/catalog/krossovki-obuv-muzh/court_slam_419_1_sma/#color02H,https://superstep.ru/upload/resize_cache/catalog/280_280_2/738SMA005002H.jpg
Мужские кроссовки PumaRS-X WINTERIZED,8990,6293,https://superstep.ru/catalog/krossovki-obuv-muzh/rs_x_winterized/#color01,https://superstep.ru/upload/resize_cache/catalog/280_280_2/PM37052201.jpg
Мужские кроссовки NikeAir Max Vision,8990,6250,https://superstep.ru/catalog/krossovki-obuv-muzh/air_max_vision/#color007,https://superstep.ru/upload/resize_cache/catalog/280_280_2/NK918230007.jpg
Мужские кроссовки NikeAir Max Nostalgic,6290,4403,https://superstep.ru/catalog/krossovki-obuv-muzh/air_max_nostalgic/#color300,https://superstep.ru/upload/resize_cache/catalog/280_280_2/NK916781300.jpg
Мужские кроссовки New BalanceNBSRMC,8990,6250,https://superstep.ru/catalog/krossovki-obuv-muzh/nbsrmc/#colorBW,https://superstep.ru/upload/resize_cache/catalog/280_280_2/NBMSRMCBW.jpg
Мужские кроссовки FIlaVENOM,6999,4899,https://superstep.ru/catalog/krossovki-obuv-muzh/venom/#color616,https://superstep.ru/upload/resize_cache/catalog/280_280_2/FL1RM00584616.jpg
Мужские кроссовки AsicsGEL-VENTURE 7,5290,3703,https://superstep.ru/catalog/krossovki-obuv-muzh/gel_venture_7/#color001,https://superstep.ru/upload/resize_cache/catalog/280_280_2/AS1011A560001.jpg
Мужские кроссовки New BalanceNB373,8490,5950,https://superstep.ru/catalog/krossovki-obuv-muzh/nb373/#colorPBG,https://superstep.ru/upload/resize_cache/catalog/280_280_2/NBML373PBG.jpg
Мужские кроссовки The North FaceM DELLAN MID  TNF,10150,7105,https://superstep.ru/catalog/krossovki-obuv-muzh/m_dellan_mid_tnf/#colorKX7,https://superstep.ru/upload/resize_cache/catalog/280_280_2/NFT93K3HKX7.jpg
Мужские кроссовки New BalanceNB996,10990,7650,https://superstep.ru/catalog/krossovki-obuv-muzh/nb996_6/#color6WK,https://superstep.ru/upload/resize_cache/catalog/280_280_2/NBMRL996WK.jpg
Мужские кроссовки AsicsCURREO II,4490,3143,https://superstep.ru/catalog/krossovki-obuv-muzh/curreo_ii_2/#color201,https://superstep.ru/upload/resize_cache/catalog/280_280_2/AS1191A157201.jpg
Мужские кроссовки Tommy HilfigerLEATHER MATERIAL MIX RUNNER,8990,6250,https://superstep.ru/catalog/krossovki-obuv-muzh/leather_material_mix_runner/#color990,https://superstep.ru/upload/resize_cache/catalog/280_280_2/TMFM0FM02142990.jpg
Мужские кроссовки New BalanceNB755,14990,10450,https://superstep.ru/catalog/krossovki-obuv-muzh/nb755/#colorMLE,https://superstep.ru/upload/resize_cache/catalog/280_280_2/NBHL755MLE.jpg
"Мужские кроссовки AdidasPOD-S3,1",7990,5593,https://superstep.ru/catalog/krossovki-obuv-muzh/pod_s3_1_2/#colorR00,https://superstep.ru/upload/resize_cache/catalog/280_280_2/ADDB3537R00.jpg
Мужские кроссовки AdidasFOREST GROVE,6490,4543,https://superstep.ru/catalog/krossovki-obuv-muzh/forest_grove_5/#colorR00,https://superstep.ru/upload/resize_cache/catalog/280_280_2/ADBD7939R00.jpg
Мужские кроссовки DiadoraN9000 H ITA,17490,12243,https://superstep.ru/catalog/krossovki-obuv-muzh/n9000_h_ita/#colorC3485,https://superstep.ru/upload/resize_cache/catalog/280_280_2/DR201172782C3485.jpg
Мужские кроссовки DiadoraN9000 H ITA,17490,12243,https://superstep.ru/catalog/krossovki-obuv-muzh/n9000_h_ita/#colorC7665,https://superstep.ru/upload/resize_cache/catalog/280_280_2/DR201172782C7665.jpg
Мужские кроссовки PumaALTERATION KURVE,11990,8393,https://superstep.ru/catalog/krossovki-obuv-muzh/alteration_kurve/#color02,https://superstep.ru/upload/resize_cache/catalog/280_280_2/PM36979402.jpg
Мужские кроссовки NikeNike Air Max Axis,8490,5950,https://superstep.ru/catalog/krossovki-obuv-muzh/nike_air_max_axis/#color004,https://superstep.ru/upload/resize_cache/catalog/280_280_2/NKAA2146004.jpg
Мужские кроссовки NikeNike Air Max Axis,8490,5950,https://superstep.ru/catalog/krossovki-obuv-muzh/nike_air_max_axis/#color008,https://superstep.ru/upload/resize_cache/catalog/280_280_2/NKAA2146008.jpg
Мужские кроссовки New BalanceNB840,10990,7650,https://superstep.ru/catalog/krossovki-obuv-muzh/nb840_1/#colorBB,https://superstep.ru/upload/resize_cache/catalog/280_280_2/NBML840BB.jpg
Мужские кроссовки AsicsGEL-LYTE V SANZE,7990,5593,https://superstep.ru/catalog/krossovki-obuv-muzh/gel_lyte_v_sanze/#color9711,https://superstep.ru/upload/resize_cache/catalog/280_280_2/ASH817L9711.jpg
Мужские кроссовки DiadoraSIMPLE RUN,4990,3493,https://superstep.ru/catalog/krossovki-obuv-muzh/simple_run/#color60065,https://superstep.ru/upload/resize_cache/catalog/280_280_2/DR10117374560065.jpg
Мужские кроссовки NikeNike Air Max Axis,8290,5803,https://superstep.ru/catalog/krossovki-obuv-muzh/nike_air_max_axis/#color006,https://superstep.ru/upload/resize_cache/catalog/280_280_2/NKAA2146006.jpg
Мужские кроссовки Tommy HilfigerJUUSO 1C2,11990,8350,https://superstep.ru/catalog/krossovki-obuv-muzh/juuso_1c2/#color403,https://superstep.ru/upload/resize_cache/catalog/280_280_2/TMFM0FM01708403.jpg
Мужские кроссовки AsicsGEL-KENUN Lyte,6490,4543,https://superstep.ru/catalog/krossovki-obuv-muzh/gel_kenun_lyte/#color9016,https://superstep.ru/upload/resize_cache/catalog/280_280_2/AST830N9016.jpg
Мужские кроссовки Tommy HilfigerCHUNKY MATERIAL MIX SNEAKER,11990,8393,https://superstep.ru/catalog/krossovki-obuv-muzh/chunky_material_mix_sneaker/#color403,https://superstep.ru/upload/resize_cache/catalog/280_280_2/TMFM0FM02384403.jpg
Мужские кроссовки AsicsGEL-LYTE RUNNER,5990,4193,https://superstep.ru/catalog/krossovki-obuv-muzh/gel_lyte_runner_6/#color415,https://superstep.ru/upload/resize_cache/catalog/280_280_2/AS1191A113415.jpg
Мужские кроссовки AsicsCURREO II,4490,3143,https://superstep.ru/catalog/krossovki-obuv-muzh/curreo_ii_2/#color401,https://superstep.ru/upload/resize_cache/catalog/280_280_2/AS1191A157401.jpg
Мужские кроссовки LacosteTHRILL 319 1 US SMA,10980,7686,https://superstep.ru/catalog/krossovki-obuv-muzh/thrill_319_1_us_sma/#color082,https://superstep.ru/upload/resize_cache/catalog/280_280_2/738SMA0068082.jpg
Мужские кроссовки LacosteTHRILL 319 1 US SMA,10980,7686,https://superstep.ru/catalog/krossovki-obuv-muzh/thrill_319_1_us_sma/#color237,https://superstep.ru/upload/resize_cache/catalog/280_280_2/738SMA0068237.jpg
Мужские кроссовки AdidasCONTINENTAL 80,7490,5243,https://superstep.ru/catalog/krossovki-obuv-muzh/continental_80_1/#colorR00,https://superstep.ru/upload/resize_cache/catalog/280_280_2/ADG27707R00.jpg
Мужские кроссовки AsicsGEL-CONTEND 5 SL,4990,3493,https://superstep.ru/catalog/krossovki-obuv-muzh/gel_contend_5_sl/#color001,https://superstep.ru/upload/resize_cache/catalog/280_280_2/AS1131A036001.jpg
Мужские кроссовки AsicsKANMEI 2,3990,2793,https://superstep.ru/catalog/krossovki-obuv-muzh/kanmei_2/#color021,https://superstep.ru/upload/resize_cache/catalog/280_280_2/AS1021A011021.jpg
Мужские кроссовки AdidasFOREST GROVE,6490,4550,https://superstep.ru/catalog/krossovki-obuv-muzh/forest_grove_2/#colorR00,https://superstep.ru/upload/resize_cache/catalog/280_280_2/ADCG5673R00.jpg
Мужские кроссовки AdidasPROPHERE,8990,6293,https://superstep.ru/catalog/krossovki-obuv-muzh/prophere_6/#colorR00,https://superstep.ru/upload/resize_cache/catalog/280_280_2/ADBD7834R00.jpg
Мужские кроссовки DiadoraN9000 H ITA,17490,12243,https://superstep.ru/catalog/krossovki-obuv-muzh/n9000_h_ita/#color75047,https://superstep.ru/upload/resize_cache/catalog/280_280_2/DR20117278275047.jpg
Мужские кроссовки PumaALTERATION KURVE,11990,8393,https://superstep.ru/catalog/krossovki-obuv-muzh/alteration_kurve/#color03,https://superstep.ru/upload/resize_cache/catalog/280_280_2/PM36979403.jpg
Мужские кроссовки AsicsGEL-BND,7990,5593,https://superstep.ru/catalog/krossovki-obuv-muzh/gel_bnd_4/#color300,https://superstep.ru/upload/resize_cache/catalog/280_280_2/AS1021A216300.jpg
Мужские кроссовки Tommy HilfigerTOMMY JEANS SIGNATURE SNEAKER,8990,6293,https://superstep.ru/catalog/krossovki-obuv-muzh/tommy_jeans_signature_sneaker/#color990,https://superstep.ru/upload/resize_cache/catalog/280_280_2/TMEM0EM00319990.jpg
Мужские кроссовки DiadoraTITAN REBORN,7490,5243,https://superstep.ru/catalog/krossovki-obuv-muzh/titan_reborn/#color75075,https://superstep.ru/upload/resize_cache/catalog/280_280_2/DR50117432475075.jpg
Мужские кроссовки AdidasEQT CUSHION ADV,11990,8350,https://superstep.ru/catalog/krossovki-obuv-muzh/eqt_cushion_adv/#colorR00,https://superstep.ru/upload/resize_cache/catalog/280_280_2/ADCQ2377R00.jpg
Мужские кроссовки LacosteCOURT SLAM 419 1 SMA,12980,9086,https://superstep.ru/catalog/krossovki-obuv-muzh/court_slam_419_1_sma/#color12C,https://superstep.ru/upload/resize_cache/catalog/280_280_2/738SMA005012C.jpg
Мужские кроссовки LacosteCOURT SLAM 419 1 SMA,12980,9086,https://superstep.ru/catalog/krossovki-obuv-muzh/court_slam_419_1_sma/#color95K,https://superstep.ru/upload/resize_cache/catalog/280_280_2/738SMA005095K.jpg
Мужские кроссовки AsicsHyperGEL-LYTE,8990,6250,https://superstep.ru/catalog/krossovki-obuv-muzh/hypergel_lyte_1/#color001,https://superstep.ru/upload/resize_cache/catalog/280_280_2/AS1193A074001.jpg
Мужские кроссовки LacosteL.IGHT 118 1,9480,6636,https://superstep.ru/catalog/krossovki-obuv-muzh/l_ight_118_1/#color454,https://superstep.ru/upload/resize_cache/catalog/280_280_2/735SPM0021454.jpg
Мужские кроссовки AsicsGEL-LYTE V SANZE MT,9990,6950,https://superstep.ru/catalog/krossovki-obuv-muzh/gel_lyte_v_sanze_mt/#color001,https://superstep.ru/upload/resize_cache/catalog/280_280_2/AS1193A004001.jpg
Мужские кроссовки LacosteCOURT SLAM 319 2 SMA,11980,8386,https://superstep.ru/catalog/krossovki-obuv-muzh/court_slam_319_2_sma/#color042,https://superstep.ru/upload/resize_cache/catalog/280_280_2/738SMA0048042.jpg
Мужские кроссовки AdidasTERREX AX3 BETA,8490,5943,https://superstep.ru/catalog/krossovki-obuv-muzh/terrex_ax3_beta/#colorR00,https://superstep.ru/upload/resize_cache/catalog/280_280_2/ADG26524R00.jpg
Мужские кроссовки FIlaDISRUPTOR II SPLATTER,7999,5599,https://superstep.ru/catalog/krossovki-obuv-muzh/disruptor_ii_splatter/#color125,https://superstep.ru/upload/resize_cache/catalog/280_280_2/FL1FM00711125.jpg
Мужские кроссовки FIlaDISRUPTOR II,7999,5599,https://superstep.ru/catalog/krossovki-obuv-muzh/disruptor_ii/#color001,https://superstep.ru/upload/resize_cache/catalog/280_280_2/FL1FM01DR2001.jpg
Мужские кроссовки AsicsLYTE-JOGGER,5590,3913,https://superstep.ru/catalog/krossovki-obuv-muzh/lyte_jogger/#color4901,https://superstep.ru/upload/resize_cache/catalog/280_280_2/ASH7G1N4901.jpg
Мужские кроссовки New BalanceNB997,10990,7693,https://superstep.ru/catalog/krossovki-obuv-muzh/nb997_2/#colorHAI,https://superstep.ru/upload/resize_cache/catalog/280_280_2/NBCM997HAI.jpg
Мужские кроссовки Tommy HilfigerCHUNKY LEATHER TRAINER,12990,9093,https://superstep.ru/catalog/krossovki-obuv-muzh/chunky_leather_trainer/#colorBDS,https://superstep.ru/upload/resize_cache/catalog/280_280_2/TMFM0FM02549BDS.jpg
Мужские кроссовки AsicsGEL-LYTE RUNNER,5990,4193,https://superstep.ru/catalog/krossovki-obuv-muzh/gel_lyte_runner_5/#color200,https://superstep.ru/upload/resize_cache/catalog/280_280_2/AS1191A073200.jpg
Мужские кроссовки AsicsCURREO II,4490,3143,https://superstep.ru/catalog/krossovki-obuv-muzh/curreo_ii_2/#color002,https://superstep.ru/upload/resize_cache/catalog/280_280_2/AS1191A157002.jpg
Мужские кроссовки NikeNike Air Huarache Run Ultra Men's Shoe,10290,7203,https://superstep.ru/catalog/krossovki-obuv-muzh/nike_air_huarache_run_ultra_men_s_shoe/#color101,https://superstep.ru/upload/resize_cache/catalog/280_280_2/NK819685101.jpg
Мужские кроссовки NikeNike Presto Fly World,7990,5593,https://superstep.ru/catalog/krossovki-obuv-muzh/nike_presto_fly_world/#color003,https://superstep.ru/upload/resize_cache/catalog/280_280_2/NKAV7763003.jpg
Мужские кроссовки AsicsGEL-VENTURE 7,5290,3703,https://superstep.ru/catalog/krossovki-obuv-muzh/gel_venture_7/#color021,https://superstep.ru/upload/resize_cache/catalog/280_280_2/AS1011A560021.jpg
Мужские кроссовки ReebokDAYTONA DMX,9990,6993,https://superstep.ru/catalog/krossovki-obuv-muzh/daytona_dmx/#colorR00,https://superstep.ru/upload/resize_cache/catalog/280_280_2/RBDV8646R00.jpg
Мужские кроссовки AdidasFOREST GROVE,6490,4550,https://superstep.ru/catalog/krossovki-obuv-muzh/forest_grove_4/#colorR00,https://superstep.ru/upload/resize_cache/catalog/280_280_2/ADCG5675R00.jpg
Мужские кроссовки Tommy HilfigerDANIEL 1A2 KNIT DETAIL,8990,6293,https://superstep.ru/catalog/krossovki-obuv-muzh/daniel_1a2_knit_detail/#color100,https://superstep.ru/upload/resize_cache/catalog/280_280_2/TMFM0FM02272100.jpg
Мужские кроссовки Tommy HilfigerMAXWELL 11C19,8990,6293,https://superstep.ru/catalog/krossovki-obuv-muzh/maxwell_11c19/#color990,https://superstep.ru/upload/resize_cache/catalog/280_280_2/TMFM0FM02273990.jpg
Мужские кроссовки New BalanceNB597,11990,8350,https://superstep.ru/catalog/krossovki-obuv-muzh/nb597/#colorBLL,https://superstep.ru/upload/resize_cache/catalog/280_280_2/NBML597BLL.jpg
Мужские кроссовки New BalanceNB373,8490,5950,https://superstep.ru/catalog/krossovki-obuv-muzh/nb373/#colorBUP,https://superstep.ru/upload/resize_cache/catalog/280_280_2/NBML373BUP.jpg
Мужские кроссовки The North FaceM EDGEWOOD CHUKKA,11290,7903,https://superstep.ru/catalog/krossovki-obuv-muzh/m_edgewood_chukka_urban/#colorKY4,https://superstep.ru/upload/resize_cache/catalog/280_280_2/NFT93317KY4.jpg
Мужские кроссовки Tommy HilfigerLIGHTWEIGHT LEATHER SNEAKER,8990,6293,https://superstep.ru/catalog/krossovki-obuv-muzh/lightweight_leather_sneaker/#colorYBS,https://superstep.ru/upload/resize_cache/catalog/280_280_2/TMFM0FM02556YBS.jpg
Мужские кроссовки PumaRS-X WINTERIZED,8990,6293,https://superstep.ru/catalog/krossovki-obuv-muzh/rs_x_winterized/#color02,https://superstep.ru/upload/resize_cache/catalog/280_280_2/PM37052202.jpg
Мужские кроссовки NikeAir Max Vision,8990,6250,https://superstep.ru/catalog/krossovki-obuv-muzh/air_max_vision/#color101,https://superstep.ru/upload/resize_cache/catalog/280_280_2/NK918230101.jpg
Мужские кроссовки Tommy HilfigerJUUSO 1C2,11990,8350,https://superstep.ru/catalog/krossovki-obuv-muzh/juuso_1c2/#color903,https://superstep.ru/upload/resize_cache/catalog/280_280_2/TMFM0FM01708903.jpg
Мужские кроссовки DiadoraV7000 WEAVE II,7790,5450,https://superstep.ru/catalog/krossovki-obuv-muzh/v7000_weave_ii/#colorC0641,https://superstep.ru/upload/resize_cache/catalog/280_280_2/DR501173084C0641.jpg
Мужские кроссовки LacosteJOGGEUR 2.0 318 1,12480,8736,https://superstep.ru/catalog/krossovki-obuv-muzh/joggeur_2_0_318_1/#colorND1,https://superstep.ru/upload/resize_cache/catalog/280_280_2/736SPM0022ND1.jpg
Мужские кроссовки The North FaceM B-TO-B REDX AVERY,13300,9250,https://superstep.ru/catalog/krossovki-obuv-muzh/m_b_to_b_redx_avery_1/#color5SG,https://superstep.ru/upload/resize_cache/catalog/280_280_2/NFT93WZR5SG.jpg
Мужские кроссовки LacosteCOURT SLAM 319 2 SMA,11980,8386,https://superstep.ru/catalog/krossovki-obuv-muzh/court_slam_319_2_sma/#color082,https://superstep.ru/upload/resize_cache/catalog/280_280_2/738SMA0048082.jpg
Мужские кроссовки FIlaDISRUPTOR II SPLATTER,7999,5599,https://superstep.ru/catalog/krossovki-obuv-muzh/disruptor_ii_splatter/#color013,https://superstep.ru/upload/resize_cache/catalog/280_280_2/FL1FM00711013.jpg
Мужские кроссовки AsicsCLASSIC TEMPO,3990,2793,https://superstep.ru/catalog/krossovki-obuv-muzh/classic_tempo/#color001,https://superstep.ru/upload/resize_cache/catalog/280_280_2/ASH6Z2Y001.jpg
Мужские кроссовки DiadoraCAMARO H S SW,12490,8743,https://superstep.ru/catalog/krossovki-obuv-muzh/camaro_h_s_sw/#colorC0468,https://superstep.ru/upload/resize_cache/catalog/280_280_2/DR201173895C0468.jpg
Мужские кроссовки NikeNike Air Huarache Run Ultra Men's Shoe,10290,7203,https://superstep.ru/catalog/krossovki-obuv-muzh/nike_air_huarache_run_ultra_men_s_shoe/#color016,https://superstep.ru/upload/resize_cache/catalog/280_280_2/NK819685016.jpg
Мужские кроссовки ReebokWORKOUT PLUS ATI 3,6990,4893,https://superstep.ru/catalog/krossovki-obuv-muzh/workout_plus_ati_3/#colorR00,https://superstep.ru/upload/resize_cache/catalog/280_280_2/RBDV8982R00.jpg
Мужские кроссовки AsicsLYTE-TRAINER,5990,4193,https://superstep.ru/catalog/krossovki-obuv-muzh/lyte_trainer/#color5842,https://superstep.ru/upload/resize_cache/catalog/280_280_2/ASH8K2L5842.jpg
Мужские кроссовки AdidasFOREST GROVE,6490,4550,https://superstep.ru/catalog/krossovki-obuv-muzh/forest_grove_3/#colorR00,https://superstep.ru/upload/resize_cache/catalog/280_280_2/ADCG5674R00.jpg
Мужские кроссовки Tommy HilfigerMAXWELL 11A,10990,7650,https://superstep.ru/catalog/krossovki-obuv-muzh/maxwell_11a/#color403,https://superstep.ru/upload/resize_cache/catalog/280_280_2/TMFM0FM01900403.jpg
Мужские кроссовки AsicsAARON,4490,3050,https://superstep.ru/catalog/krossovki-obuv-muzh/aaron_4/#color020,https://superstep.ru/upload/resize_cache/catalog/280_280_2/ASHY540020.jpg
Мужские кроссовки AdidasFOREST GROVE,6990,4893,https://superstep.ru/catalog/krossovki-obuv-muzh/forest_grove_6/#colorR00,https://superstep.ru/upload/resize_cache/catalog/280_280_2/ADEE8966R00.jpg
Мужские кроссовки AsicsGEL-LYTE,7490,5243,https://superstep.ru/catalog/krossovki-obuv-muzh/gel_lyte_4/#color9696,https://superstep.ru/upload/resize_cache/catalog/280_280_2/ASH8H2L9696.jpg
"Мужские кроссовки AdidasPOD-S3,1",7990,5593,https://superstep.ru/catalog/krossovki-obuv-muzh/pod_s3_1_1/#colorR00,https://superstep.ru/upload/resize_cache/catalog/280_280_2/ADBD7877R00.jpg
Мужские кроссовки AdidasDEERUPT RUNNER,7990,5593,https://superstep.ru/catalog/krossovki-obuv-muzh/deerupt_runner/#colorR00,https://superstep.ru/upload/resize_cache/catalog/280_280_2/ADBD7894R00.jpg
Мужские кроссовки AdidasDEERUPT RUNNER,7990,5593,https://superstep.ru/catalog/krossovki-obuv-muzh/deerupt_runner_1/#colorR00,https://superstep.ru/upload/resize_cache/catalog/280_280_2/ADBD7890R00.jpg
Мужские кроссовки New BalanceNB597,11990,8350,https://superstep.ru/catalog/krossovki-obuv-muzh/nb597/#colorBUL,https://superstep.ru/upload/resize_cache/catalog/280_280_2/NBML597BUL.jpg
Мужские кроссовки AsicsGEL-LYTE V SANZE MT G-TX,11490,8043,https://superstep.ru/catalog/krossovki-obuv-muzh/gel_lyte_v_sanze_mt_g_tx/#color001,https://superstep.ru/upload/resize_cache/catalog/280_280_2/AS1193A050001.jpg
Мужские кроссовки DiadoraTITAN REBORN,7490,5243,https://superstep.ru/catalog/krossovki-obuv-muzh/titan_reborn/#color75040,https://superstep.ru/upload/resize_cache/catalog/280_280_2/DR50117432475040.jpg
Мужские кроссовки FIlaRAY TRACER,5999,4199,https://superstep.ru/catalog/krossovki-obuv-muzh/ray_tracer_1/#color430,https://superstep.ru/upload/resize_cache/catalog/280_280_2/FL1RM00729430.jpg
Мужские кроссовки New BalanceNB597,9990,6950,https://superstep.ru/catalog/krossovki-obuv-muzh/nb597/#colorNGT,https://superstep.ru/upload/resize_cache/catalog/280_280_2/NBML597NGT.jpg
Мужские кроссовки AsicsGEL-LYTE V SANZE,7990,5593,https://superstep.ru/catalog/krossovki-obuv-muzh/gel_lyte_v_sanze/#color4911,https://superstep.ru/upload/resize_cache/catalog/280_280_2/ASH817L4911.jpg
Мужские кроссовки AdidasSAMBA OG,6990,4893,https://superstep.ru/catalog/krossovki-obuv-muzh/samba_og/#colorR00,https://superstep.ru/upload/resize_cache/catalog/280_280_2/ADB75806R00.jpg
Мужские кроссовки AsicsKANMEI MX,3990,2793,https://superstep.ru/catalog/krossovki-obuv-muzh/kanmei_mx/#color9090,https://superstep.ru/upload/resize_cache/catalog/280_280_2/AST849N9090.jpg
Мужские кроссовки AsicsKANMEI MX,3990,2793,https://superstep.ru/catalog/krossovki-obuv-muzh/kanmei_mx/#color4949,https://superstep.ru/upload/resize_cache/catalog/280_280_2/AST849N4949.jpg
Мужские кроссовки DiadoraCAMARO H S SW,12490,8743,https://superstep.ru/catalog/krossovki-obuv-muzh/camaro_h_s_sw/#color30011,https://superstep.ru/upload/resize_cache/catalog/280_280_2/DR20117389530011.jpg
Мужские кроссовки DiadoraN9000 H MESH ITALIA,16490,11543,https://superstep.ru/catalog/krossovki-obuv-muzh/n9000_h_mesh_italia/#color60031,https://superstep.ru/upload/resize_cache/catalog/280_280_2/DR20117550960031.jpg
Мужские кроссовки AdidasNITE JOGGER,9990,6993,https://superstep.ru/catalog/krossovki-obuv-muzh/nite_jogger_1/#colorR00,https://superstep.ru/upload/resize_cache/catalog/280_280_2/ADDB3361R00.jpg
Мужские кроссовки LacosteEXPLORATEUR CLASSICLO3183,11980,8350,https://superstep.ru/catalog/krossovki-obuv-muzh/explorateur_classiclo3183/#color02H,https://superstep.ru/upload/resize_cache/catalog/280_280_2/736CAM003102H.jpg
Мужские кроссовки FIlaRAY TRACER,5999,4199,https://superstep.ru/catalog/krossovki-obuv-muzh/ray_tracer/#color051,https://superstep.ru/upload/resize_cache/catalog/280_280_2/FL1RM00586051.jpg
Мужские кроссовки FIlaRAY TRACER,5999,4199,https://superstep.ru/catalog/krossovki-obuv-muzh/ray_tracer/#color102,https://superstep.ru/upload/resize_cache/catalog/280_280_2/FL1RM00586102.jpg
Мужские кроссовки Tommy HilfigerICONIC MATERIAL MIX RUNNER,8490,5943,https://superstep.ru/catalog/krossovki-obuv-muzh/iconic_material_mix_runner/#color905,https://superstep.ru/upload/resize_cache/catalog/280_280_2/TMFM0FM02042905.jpg
Мужские кроссовки DiadoraB.ELITE H ITALIA,16490,11543,https://superstep.ru/catalog/krossovki-obuv-muzh/b_elite_h_italia/#color60065,https://superstep.ru/upload/resize_cache/catalog/280_280_2/DR20117490660065.jpg
Мужские кроссовки DiadoraN902 SPECKLED,7990,5593,https://superstep.ru/catalog/krossovki-obuv-muzh/n902_speckled/#color70431,https://superstep.ru/upload/resize_cache/catalog/280_280_2/DR50117328670431.jpg
Мужские кроссовки AsicsCURREO II,4490,2950,https://superstep.ru/catalog/krossovki-obuv-muzh/curreo_ii/#color9001,https://superstep.ru/upload/resize_cache/catalog/280_280_2/ASHN7A09001.jpg
Мужские кроссовки AsicsCURREO II,4490,2950,https://superstep.ru/catalog/krossovki-obuv-muzh/curreo_ii/#color5896,https://superstep.ru/upload/resize_cache/catalog/280_280_2/ASHN7A05896.jpg
Мужские кроссовки New BalanceNB996,13990,8350,https://superstep.ru/catalog/krossovki-obuv-muzh/nb996_2/#colorBR,https://superstep.ru/upload/resize_cache/catalog/280_280_2/NBMRH996BR.jpg
Мужские кроссовки LacosteLT FIT 118 4,8490,5050,https://superstep.ru/catalog/krossovki-obuv-muzh/lt_fit_118_4/#color237,https://superstep.ru/upload/resize_cache/catalog/280_280_2/735SPM0028237.jpg
Мужские кроссовки AdidasTERREX PATHMAKER CW,12990,7750,https://superstep.ru/catalog/krossovki-obuv-muzh/terrex_pathmaker_cw/#colorR00,https://superstep.ru/upload/resize_cache/catalog/280_280_2/ADS80795R00.jpg
Мужские кроссовки LacosteLT FIT 118 4,8490,5050,https://superstep.ru/catalog/krossovki-obuv-muzh/lt_fit_118_4/#colorND1,https://superstep.ru/upload/resize_cache/catalog/280_280_2/735SPM0028ND1.jpg
Мужские кроссовки NikeAir Max Prime,9790,5850,https://superstep.ru/catalog/krossovki-obuv-muzh/air_max_prime/#color006,https://superstep.ru/upload/resize_cache/catalog/280_280_2/NK876068006.jpg
Мужские кроссовки LacosteLT SPIRIT 2.0 118 1,9490,5650,https://superstep.ru/catalog/krossovki-obuv-muzh/lt_spirit_2_0_118_1/#color231,https://superstep.ru/upload/resize_cache/catalog/280_280_2/735SPM0032231.jpg
Мужские кроссовки NikeAir Max Guile,8290,4950,https://superstep.ru/catalog/krossovki-obuv-muzh/air_max_guile/#color004,https://superstep.ru/upload/resize_cache/catalog/280_280_2/NK916768004.jpg
Мужские кроссовки New BalanceNB574,11990,7150,https://superstep.ru/catalog/krossovki-obuv-muzh/nb574_1/#colorDAW,https://superstep.ru/upload/resize_cache/catalog/280_280_2/NBML574DAW.jpg
Мужские кроссовки New BalanceNB574S,10990,6550,https://superstep.ru/catalog/krossovki-obuv-muzh/nb574s/#colorEMB,https://superstep.ru/upload/resize_cache/catalog/280_280_2/NBMS574EMB.jpg
Мужские кроссовки PumaCell Venom,9490,5650,https://superstep.ru/catalog/krossovki-obuv-muzh/cell_venom/#color01,https://superstep.ru/upload/resize_cache/catalog/280_280_2/PM36935401.jpg
Мужские кроссовки New BalanceNB574S,10990,6550,https://superstep.ru/catalog/krossovki-obuv-muzh/nb574s/#colorEMK,https://superstep.ru/upload/resize_cache/catalog/280_280_2/NBMS574EMK.jpg
Мужские кроссовки LacosteLT SPIRIT 2.0 118 1,9490,5650,https://superstep.ru/catalog/krossovki-obuv-muzh/lt_spirit_2_0_118_1/#colorNV1,https://superstep.ru/upload/resize_cache/catalog/280_280_2/735SPM0032NV1.jpg
Мужские кроссовки New BalanceNB574,13990,8350,https://superstep.ru/catalog/krossovki-obuv-muzh/nb574_1/#colorWND,https://superstep.ru/upload/resize_cache/catalog/280_280_2/NBML574WND.jpg
Мужские кроссовки NikeMens Nike Air Max Motion Low Shoe,7490,4450,https://superstep.ru/catalog/krossovki-obuv-muzh/mens_nike_air_max_motion_low_shoe/#color401,https://superstep.ru/upload/resize_cache/catalog/280_280_2/NK833260401.jpg
Мужские кроссовки ReebokWORKOUT PLUS,6990,4150,https://superstep.ru/catalog/krossovki-obuv-muzh/workout_plus_1/#colorR00,https://superstep.ru/upload/resize_cache/catalog/280_280_2/RB2759R00.jpg
Мужские кроссовки DiadoraN902 SPECKLED,7990,4750,https://superstep.ru/catalog/krossovki-obuv-muzh/n902_speckled/#colorC7958,https://superstep.ru/upload/resize_cache/catalog/280_280_2/DR501173286C7958.jpg
Мужские кроссовки PumaCell Endura  Patent 98,10990,6550,https://superstep.ru/catalog/krossovki-obuv-muzh/cell_endura_patent_98/#color02,https://superstep.ru/upload/resize_cache/catalog/280_280_2/PM36963302.jpg
Мужские кроссовки DiadoraN9002,8990,5394,https://superstep.ru/catalog/krossovki-obuv-muzh/n9002/#colorC3940,https://superstep.ru/upload/resize_cache/catalog/280_280_2/DR501173073C3940.jpg
Мужские кроссовки New BalanceNB574 MID,13990,8350,https://superstep.ru/catalog/krossovki-obuv-muzh/nb574_mid/#colorOAB,https://superstep.ru/upload/resize_cache/catalog/280_280_2/NBMH574OAB.jpg
Мужские кроссовки NikeAir Max Guile,8290,4950,https://superstep.ru/catalog/krossovki-obuv-muzh/air_max_guile/#color400,https://superstep.ru/upload/resize_cache/catalog/280_280_2/NK916768400.jpg
Мужские кроссовки PumaCell Venom,9490,5650,https://superstep.ru/catalog/krossovki-obuv-muzh/cell_venom/#color03,https://superstep.ru/upload/resize_cache/catalog/280_280_2/PM36935403.jpg
Мужские кроссовки Tommy HilfigerMATERIAL MIX LIGHTWEIGHT RUNNER,11990,7150,https://superstep.ru/catalog/krossovki-obuv-muzh/material_mix_lightweight_runner/#color020,https://superstep.ru/upload/resize_cache/catalog/280_280_2/TMFM0FM02009020.jpg
Мужские кроссовки Tommy HilfigerCORPORATE LEATHER RUNNER,8990,5350,https://superstep.ru/catalog/krossovki-obuv-muzh/corporate_leather_runner/#color100,https://superstep.ru/upload/resize_cache/catalog/280_280_2/TMFM0FM02057100.jpg
Мужские кроссовки AdidasEQT SUPPORT ADV,10990,6550,https://superstep.ru/catalog/krossovki-obuv-muzh/eqt_support_adv_3/#colorR00,https://superstep.ru/upload/resize_cache/catalog/280_280_2/ADCQ3006R00.jpg
Мужские кроссовки NikeAir Imperiali,5690,3350,https://superstep.ru/catalog/krossovki-obuv-muzh/air_imperiali/#color400,https://superstep.ru/upload/resize_cache/catalog/280_280_2/NK866069400.jpg
Мужские кроссовки NikeAir Max Axis,8290,4950,https://superstep.ru/catalog/krossovki-obuv-muzh/air_max_axis_1/#color002,https://superstep.ru/upload/resize_cache/catalog/280_280_2/NKAA2148002.jpg
Мужские кроссовки NikeAir Pegasus 83,6490,3850,https://superstep.ru/catalog/krossovki-obuv-muzh/air_pegasus_83_1/#color400,https://superstep.ru/upload/resize_cache/catalog/280_280_2/NK827922400.jpg
Мужские кроссовки Hugo BossVelocity Running Inspired Sneakers in Mesh,17500,10450,https://superstep.ru/catalog/krossovki-obuv-muzh/velocity_running_inspired_sneakers_in_mesh/#color120,https://superstep.ru/upload/resize_cache/catalog/280_280_2/HB50397613120.jpg
Мужские кроссовки Hugo BossTitanium Running Inspired Sneakers in Knit,17500,10500,https://superstep.ru/catalog/krossovki-obuv-muzh/titanium_running_inspired_sneakers_in_knit/#color401,https://superstep.ru/upload/resize_cache/catalog/280_280_2/HB50410743401.jpg
Мужские кроссовки Tommy HilfigerCORPORATE LEATHER RUNNER,8990,5350,https://superstep.ru/catalog/krossovki-obuv-muzh/corporate_leather_runner/#color990,https://superstep.ru/upload/resize_cache/catalog/280_280_2/TMFM0FM02057990.jpg
Мужские кроссовки LacosteLT DUAL ELITE 118 1,10990,6550,https://superstep.ru/catalog/krossovki-obuv-muzh/lt_dual_elite_118_1/#colorB98,https://superstep.ru/upload/resize_cache/catalog/280_280_2/735SPM0023B98.jpg
Мужские кроссовки New BalanceNB996,10990,6550,https://superstep.ru/catalog/krossovki-obuv-muzh/nb996_3/#colorPA,https://superstep.ru/upload/resize_cache/catalog/280_280_2/NBMRL996PA.jpg
Мужские кроссовки New BalanceNB996,10990,6550,https://superstep.ru/catalog/krossovki-obuv-muzh/nb996_3/#colorPC,https://superstep.ru/upload/resize_cache/catalog/280_280_2/NBMRL996PC.jpg
Мужские кроссовки DiadoraN9002,8990,5394,https://superstep.ru/catalog/krossovki-obuv-muzh/n9002/#colorC8002,https://superstep.ru/upload/resize_cache/catalog/280_280_2/DR501173073C8002.jpg
Мужские кроссовки New BalanceNB574S,13990,8350,https://superstep.ru/catalog/krossovki-obuv-muzh/nb574s/#colorLSB,https://superstep.ru/upload/resize_cache/catalog/280_280_2/NBMS574LSB.jpg
Мужские кроссовки AdidasEQT SUPPORT ADV,10990,6550,https://superstep.ru/catalog/krossovki-obuv-muzh/eqt_support_adv_2/#colorR00,https://superstep.ru/upload/resize_cache/catalog/280_280_2/ADCQ3005R00.jpg
Мужские кроссовки DiadoraN9000 CVSD,7990,4750,https://superstep.ru/catalog/krossovki-obuv-muzh/n9000_cvsd/#color65070,https://superstep.ru/upload/resize_cache/catalog/280_280_2/DR50117312865070.jpg
Мужские кроссовки AsicsGEL-LYTE V SANZE MT G-TX,11490,6850,https://superstep.ru/catalog/krossovki-obuv-muzh/gel_lyte_v_sanze_mt_g_tx/#color400,https://superstep.ru/upload/resize_cache/catalog/280_280_2/AS1193A050400.jpg
Мужские кроссовки DiadoraN.92,4990,2950,https://superstep.ru/catalog/krossovki-obuv-muzh/n_92_1/#color75042,https://superstep.ru/upload/resize_cache/catalog/280_280_2/DR10117316975042.jpg
Мужские кроссовки NikeAir Max Grigora,7990,4750,https://superstep.ru/catalog/krossovki-obuv-muzh/air_max_grigora/#color200,https://superstep.ru/upload/resize_cache/catalog/280_280_2/NK916767200.jpg
Мужские кроссовки Hugo BossVelocity Running Inspired Sneakers in Mesh,17500,10450,https://superstep.ru/catalog/krossovki-obuv-muzh/velocity_running_inspired_sneakers_in_mesh/#color401,https://superstep.ru/upload/resize_cache/catalog/280_280_2/HB50397613401.jpg
Мужские кроссовки New BalanceNB574,11990,7150,https://superstep.ru/catalog/krossovki-obuv-muzh/nb574_1/#colorDAN,https://superstep.ru/upload/resize_cache/catalog/280_280_2/NBML574DAN.jpg
Мужские кроссовки PumaTSUGI Cage Roasted,8990,5350,https://superstep.ru/catalog/krossovki-obuv-muzh/tsugi_cage_roasted/#color02,https://superstep.ru/upload/resize_cache/catalog/280_280_2/PM36539902.jpg
Мужские кроссовки NikeAir Imperiali,5690,3350,https://superstep.ru/catalog/krossovki-obuv-muzh/air_imperiali/#color002,https://superstep.ru/upload/resize_cache/catalog/280_280_2/NK866069002.jpg
Мужские кроссовки LacosteLT FIT 118 4,8490,5050,https://superstep.ru/catalog/krossovki-obuv-muzh/lt_fit_118_4/#color21G,https://superstep.ru/upload/resize_cache/catalog/280_280_2/735SPM002821G.jpg
Мужские кроссовки Hugo BossVelocity Sporty Running Sneakers in Mesh,15500,9250,https://superstep.ru/catalog/krossovki-obuv-muzh/velocity_sporty_running_sneakers_in_mesh/#color001,https://superstep.ru/upload/resize_cache/catalog/280_280_2/HB50385577001.jpg
Мужские кроссовки NikeAir Max Grigora,7990,4750,https://superstep.ru/catalog/krossovki-obuv-muzh/air_max_grigora/#color001,https://superstep.ru/upload/resize_cache/catalog/280_280_2/NK916767001.jpg
Мужские кроссовки Hugo BossParkour Running Retro Sneakers in Leather,15500,9250,https://superstep.ru/catalog/krossovki-obuv-muzh/parkour_running_retro_sneakers_in_leather/#color100,https://superstep.ru/upload/resize_cache/catalog/280_280_2/HB50385646100.jpg
Мужские кроссовки Hugo BossVelocity Sporty Running Sneakers in Reflective Mat,15500,9250,https://superstep.ru/catalog/krossovki-obuv-muzh/velocity_sporty_running_sneakers_in_reflective_mat/#color040,https://superstep.ru/upload/resize_cache/catalog/280_280_2/HB50385578040.jpg
Мужские кроссовки ReebokWORKOUT PLUS,6990,4150,https://superstep.ru/catalog/krossovki-obuv-muzh/workout_plus/#colorR00,https://superstep.ru/upload/resize_cache/catalog/280_280_2/RB2760R00.jpg
Мужские кроссовки DiadoraN9000 PREMIUM,11490,6850,https://superstep.ru/catalog/krossovki-obuv-muzh/n9000_premium_1/#color65099,https://superstep.ru/upload/resize_cache/catalog/280_280_2/DR50117307165099.jpg
Мужские кроссовки New BalanceNB574,9990,5950,https://superstep.ru/catalog/krossovki-obuv-muzh/nb574_1/#colorETB,https://superstep.ru/upload/resize_cache/catalog/280_280_2/NBML574ETB.jpg
Мужские кроссовки AsicsGEL-LYTE V,8590,5150,https://superstep.ru/catalog/krossovki-obuv-muzh/gel_lyte_v_27/#color2900,https://superstep.ru/upload/resize_cache/catalog/280_280_2/ASH8E4L2900.jpg
Мужские кроссовки DiadoraN.92,4990,2950,https://superstep.ru/catalog/krossovki-obuv-muzh/n_92_1/#color60035,https://superstep.ru/upload/resize_cache/catalog/280_280_2/DR10117316960035.jpg
Мужские кроссовки NikeAir Vibenna,5690,3350,https://superstep.ru/catalog/krossovki-obuv-muzh/air_vibenna/#color006,https://superstep.ru/upload/resize_cache/catalog/280_280_2/NK902807006.jpg
Мужские кроссовки DiadoraK-RUN II,6490,3850,https://superstep.ru/catalog/krossovki-obuv-muzh/k_run_ii/#colorC7349,https://superstep.ru/upload/resize_cache/catalog/280_280_2/DR101170823C7349.jpg
Мужские кроссовки DiadoraN9002,8990,5350,https://superstep.ru/catalog/krossovki-obuv-muzh/n9002/#color20006,https://superstep.ru/upload/resize_cache/catalog/280_280_2/DR50117307320006.jpg
Мужские кроссовки The North FaceM EDGEWOOD CHUKKA,9990,5950,https://superstep.ru/catalog/krossovki-obuv-muzh/m_edgewood_chukka_urban/#colorM6S,https://superstep.ru/upload/resize_cache/catalog/280_280_2/NFT93317M6S.jpg
Мужские кроссовки NikeAir Pegasus 83,6490,3850,https://superstep.ru/catalog/krossovki-obuv-muzh/air_pegasus_83_1/#color001,https://superstep.ru/upload/resize_cache/catalog/280_280_2/NK827922001.jpg
Мужские кроссовки Hugo BossVelocity Sporty Running Sneakers in Reflective Mat,15500,9250,https://superstep.ru/catalog/krossovki-obuv-muzh/velocity_sporty_running_sneakers_in_reflective_mat/#color001,https://superstep.ru/upload/resize_cache/catalog/280_280_2/HB50385578001.jpg
Мужские кроссовки LacosteJOGGEUR 118 1,10990,6550,https://superstep.ru/catalog/krossovki-obuv-muzh/joggeur_118_1/#color1X3,https://superstep.ru/upload/resize_cache/catalog/280_280_2/735SPM00141X3.jpg
Мужские кроссовки New BalanceNiobium,15990,9550,https://superstep.ru/catalog/krossovki-obuv-muzh/niobium/#colorBK,https://superstep.ru/upload/resize_cache/catalog/280_280_2/NBMLNBMBK.jpg
Мужские кроссовки Tommy HilfigerCORPORATE LEATHER RUNNER,8990,5350,https://superstep.ru/catalog/krossovki-obuv-muzh/corporate_leather_runner/#color403,https://superstep.ru/upload/resize_cache/catalog/280_280_2/TMFM0FM02057403.jpg
Мужские кроссовки NikeAir Max Command,9990,5950,https://superstep.ru/catalog/krossovki-obuv-muzh/air_max_command_1/#color001,https://superstep.ru/upload/resize_cache/catalog/280_280_2/NK749760001.jpg
Мужские кроссовки The North FaceM EDGEWOOD CHUKKA,10150,6050,https://superstep.ru/catalog/krossovki-obuv-muzh/m_edgewood_chukka_urban/#color5UJ,https://superstep.ru/upload/resize_cache/catalog/280_280_2/NFT933175UJ.jpg
Мужские кроссовки AsicsCLASSIC TEMPO,5490,3250,https://superstep.ru/catalog/krossovki-obuv-muzh/classic_tempo/#color5812,https://superstep.ru/upload/resize_cache/catalog/280_280_2/ASH6Z2Y5812.jpg
Мужские кроссовки LacosteEXPLORATEUR CLASSICLO3181,11980,6450,https://superstep.ru/catalog/krossovki-obuv-muzh/explorateur_classiclo3181/#color2Q8,https://superstep.ru/upload/resize_cache/catalog/280_280_2/736CAM00282Q8.jpg
Мужские кроссовки LacosteLT DUAL ELITE 118 1,10990,5850,https://superstep.ru/catalog/krossovki-obuv-muzh/lt_dual_elite_118_1/#color237,https://superstep.ru/upload/resize_cache/catalog/280_280_2/735SPM0023237.jpg
Мужские кроссовки DiadoraTITAN 2,6490,3550,https://superstep.ru/catalog/krossovki-obuv-muzh/titan_2/#color70437,https://superstep.ru/upload/resize_cache/catalog/280_280_2/DR50115862370437.jpg
Мужские кроссовки AdidasZX 750 WV           CBLACK/FTWWHT/UTIBLK,9990,5450,https://superstep.ru/catalog/krossovki-obuv-muzh/zx_750_wv_cblack_ftwwht_utiblk/#colorR00,https://superstep.ru/upload/resize_cache/catalog/280_280_2/ADBB1222R00.jpg
Мужские кроссовки DiadoraTITAN 2,6490,3550,https://superstep.ru/catalog/krossovki-obuv-muzh/titan_2/#color75072,https://superstep.ru/upload/resize_cache/catalog/280_280_2/DR50115862375072.jpg
Мужские кроссовки AdidasCrazy 1 ADV,11990,6550,https://superstep.ru/catalog/krossovki-obuv-muzh/crazy_1_adv/#colorR00,https://superstep.ru/upload/resize_cache/catalog/280_280_2/ADB37562R00.jpg
Мужские кроссовки DiadoraTITAN 2,6490,3550,https://superstep.ru/catalog/krossovki-obuv-muzh/titan_2/#color60048,https://superstep.ru/upload/resize_cache/catalog/280_280_2/DR50115862360048.jpg
Мужские кроссовки DiadoraN9000 MODERNA,9980,4990,https://superstep.ru/catalog/krossovki-obuv-muzh/n9000_moderna/#colorC7096,https://superstep.ru/upload/resize_cache/catalog/280_280_2/DR501172295C7096.jpg
Мужские кроссовки New BalanceNB996,11990,5950,https://superstep.ru/catalog/krossovki-obuv-muzh/nb996_3/#colorDO,https://superstep.ru/upload/resize_cache/catalog/280_280_2/NBMRL996DO.jpg
Мужские кроссовки DiadoraN9000 MODERNA,9980,4990,https://superstep.ru/catalog/krossovki-obuv-muzh/n9000_moderna/#color75073,https://superstep.ru/upload/resize_cache/catalog/280_280_2/DR50117229575073.jpg
Мужские кроссовки New BalanceNB996,11990,5950,https://superstep.ru/catalog/krossovki-obuv-muzh/nb996_3/#colorDZ,https://superstep.ru/upload/resize_cache/catalog/280_280_2/NBMRL996DZ.jpg
Мужские кроссовки New BalanceNB574S,11990,5950,https://superstep.ru/catalog/krossovki-obuv-muzh/nb574s/#colorBM,https://superstep.ru/upload/resize_cache/catalog/280_280_2/NBMS574BM.jpg
Мужские кроссовки SkechersQUANTUM-FLEX ROOD,5990,2995,https://superstep.ru/catalog/krossovki-obuv-muzh/quantum_flex_rood/#colorBBK,https://superstep.ru/upload/resize_cache/catalog/280_280_2/SK52389BBK.jpg
Мужские кроссовки DiadoraN9000 MM EVO,9980,4990,https://superstep.ru/catalog/krossovki-obuv-muzh/n9000_mm_evo/#color75070,https://superstep.ru/upload/resize_cache/catalog/280_280_2/DR50117231075070.jpg
Мужские кроссовки New BalanceNB574S,11990,5950,https://superstep.ru/catalog/krossovki-obuv-muzh/nb574s/#colorBB,https://superstep.ru/upload/resize_cache/catalog/280_280_2/NBMS574BB.jpg
Мужские кроссовки SkechersMARAUDER MERSHON,5990,2995,https://superstep.ru/catalog/krossovki-obuv-muzh/marauder_mershon/#colorBBK,https://superstep.ru/upload/resize_cache/catalog/280_280_2/SK52836BBK.jpg
Мужские кроссовки DiadoraN9000 MM EVO,9980,4990,https://superstep.ru/catalog/krossovki-obuv-muzh/n9000_mm_evo/#color70398,https://superstep.ru/upload/resize_cache/catalog/280_280_2/DR50117231070398.jpg
Мужские кроссовки Polo Ralph LaurenTRAIN150-SNEAKERS-ATHLETIC SHOE,10490,5245,https://superstep.ru/catalog/krossovki-obuv-muzh/train150_sneakers_athletic_shoe/#color003,https://superstep.ru/upload/resize_cache/catalog/280_280_2/RL809669841003.jpg
Мужские кроссовки DiadoraN.9000 WNT,11990,5950,https://superstep.ru/catalog/krossovki-obuv-muzh/n_9000_wnt/#color80013,https://superstep.ru/upload/resize_cache/catalog/280_280_2/DR50117439580013.jpg
Мужские кроссовки Polo Ralph LaurenTRAIN150-SNEAKERS-ATHLETIC SHOE,10490,5245,https://superstep.ru/catalog/krossovki-obuv-muzh/train150_sneakers_athletic_shoe/#color001,https://superstep.ru/upload/resize_cache/catalog/280_280_2/RL809669841001.jpg
Мужские кроссовки AsicsGEL-LYTE,8190,4095,https://superstep.ru/catalog/krossovki-obuv-muzh/gel_lyte_6/#color001,https://superstep.ru/upload/resize_cache/catalog/280_280_2/AS1191A067001.jpg
Мужские кроссовки SkechersQUANTUM-FLEX ROOD,5990,2995,https://superstep.ru/catalog/krossovki-obuv-muzh/quantum_flex_rood/#colorNVGY,https://superstep.ru/upload/resize_cache/catalog/280_280_2/SK52389NVGY.jpg
Мужские кроссовки New BalanceNBTBA,14990,7450,https://superstep.ru/catalog/krossovki-obuv-muzh/nbtba/#colorRB,https://superstep.ru/upload/resize_cache/catalog/280_280_2/NBTBATRB.jpg
Мужские кроссовки New BalanceNBTBA,14990,7450,https://superstep.ru/catalog/krossovki-obuv-muzh/nbtba/#colorRC,https://superstep.ru/upload/resize_cache/catalog/280_280_2/NBTBATRC.jpg
Мужские кроссовки FIlaLUMINANCE,5999,2999,https://superstep.ru/catalog/krossovki-obuv-muzh/luminance_1/#color125,https://superstep.ru/upload/resize_cache/catalog/280_280_2/FL1RM00789125.jpg
Мужские кроссовки SkechersSKECH-FLEX 2.0DISBY,5990,2995,https://superstep.ru/catalog/krossovki-obuv-muzh/skech_flex_2_0disby/#colorCCBK,https://superstep.ru/upload/resize_cache/catalog/280_280_2/SK52842CCBK.jpg
Мужские кроссовки New BalanceNB574,10990,5450,https://superstep.ru/catalog/krossovki-obuv-muzh/nb574_1/#colorGPD,https://superstep.ru/upload/resize_cache/catalog/280_280_2/NBML574GPD.jpg
Мужские кроссовки New BalanceNB574,10990,5450,https://superstep.ru/catalog/krossovki-obuv-muzh/nb574_1/#colorGPE,https://superstep.ru/upload/resize_cache/catalog/280_280_2/NBML574GPE.jpg
Мужские кроссовки New BalanceNB574S,11990,5950,https://superstep.ru/catalog/krossovki-obuv-muzh/nb574s/#colorSBK,https://superstep.ru/upload/resize_cache/catalog/280_280_2/NBMS574SBK.jpg
Мужские кроссовки LacosteWILDCARD 319 4 US SMA,14980,7450,https://superstep.ru/catalog/krossovki-obuv-muzh/wildcard_319_4_us_sma/#color25T,https://superstep.ru/upload/resize_cache/catalog/280_280_2/738SMA005125T.jpg
Мужские кроссовки DiadoraMYTHOS BLUSHIELD 3,11990,5995,https://superstep.ru/catalog/krossovki-obuv-muzh/mythos_blushield_3/#colorC8125,https://superstep.ru/upload/resize_cache/catalog/280_280_2/DR101174467C8125.jpg
Мужские кроссовки New BalanceNB996,11990,5950,https://superstep.ru/catalog/krossovki-obuv-muzh/nb996_3/#colorLM,https://superstep.ru/upload/resize_cache/catalog/280_280_2/NBMRL996LM.jpg
Мужские кроссовки FIlaUPROOT,5999,2999,https://superstep.ru/catalog/krossovki-obuv-muzh/uproot/#color422,https://superstep.ru/upload/resize_cache/catalog/280_280_2/FL1BM00624422.jpg
Мужские кроссовки FIlaCREATOR,5999,2999,https://superstep.ru/catalog/krossovki-obuv-muzh/creator_1/#color017,https://superstep.ru/upload/resize_cache/catalog/280_280_2/FL1RM00612017.jpg
Мужские кроссовки FIlaLUMINANCE,5999,2999,https://superstep.ru/catalog/krossovki-obuv-muzh/luminance_1/#color014,https://superstep.ru/upload/resize_cache/catalog/280_280_2/FL1RM00789014.jpg
Мужские кроссовки Tommy HilfigerNEVIS 01C2,10990,5495,https://superstep.ru/catalog/krossovki-obuv-muzh/nevis_01c2/#color901,https://superstep.ru/upload/resize_cache/catalog/280_280_2/TMEM0EM00344901.jpg
Мужские кроссовки AsicsGEL-KAYANO 5 360,11990,5995,https://superstep.ru/catalog/krossovki-obuv-muzh/gel_kayano_5_360/#color001,https://superstep.ru/upload/resize_cache/catalog/280_280_2/AS1021A159001.jpg
Мужские кроссовки DiadoraN9000 PREMIUM,11980,5990,https://superstep.ru/catalog/krossovki-obuv-muzh/n9000_premium/#colorC7068,https://superstep.ru/upload/resize_cache/catalog/280_280_2/DR501172293C7068.jpg
Мужские кроссовки New BalanceNB574S,11990,5950,https://superstep.ru/catalog/krossovki-obuv-muzh/nb574s/#colorSNV,https://superstep.ru/upload/resize_cache/catalog/280_280_2/NBMS574SNV.jpg
Мужские кроссовки LacosteWILDCARD 319 1 SMA,14480,7240,https://superstep.ru/catalog/krossovki-obuv-muzh/wildcard_319_1_sma/#colorJ18,https://superstep.ru/upload/resize_cache/catalog/280_280_2/738SMA0013J18.jpg
Мужские кроссовки DiadoraMYTHOS BLUSHIELD TRAIL,10990,5495,https://superstep.ru/catalog/krossovki-obuv-muzh/mythos_blushield_trail/#colorC2815,https://superstep.ru/upload/resize_cache/catalog/280_280_2/DR101175359C2815.jpg
Мужские кроссовки FIlaUPROOT,5999,2999,https://superstep.ru/catalog/krossovki-obuv-muzh/uproot/#color014,https://superstep.ru/upload/resize_cache/catalog/280_280_2/FL1BM00624014.jpg
Мужские кроссовки FIlaUPROOT,5999,2999,https://superstep.ru/catalog/krossovki-obuv-muzh/uproot/#color125,https://superstep.ru/upload/resize_cache/catalog/280_280_2/FL1BM00624125.jpg
Мужские кроссовки FIlaCREATOR,5999,2999,https://superstep.ru/catalog/krossovki-obuv-muzh/creator/#color005,https://superstep.ru/upload/resize_cache/catalog/280_280_2/FL1RM00611005.jpg
Мужские кроссовки FIlaCREATOR,5999,2999,https://superstep.ru/catalog/krossovki-obuv-muzh/creator_2/#color125,https://superstep.ru/upload/resize_cache/catalog/280_280_2/FL1RM00779125.jpg
Мужские кроссовки AsicsGEL-KAYANO 5 OG,10490,5245,https://superstep.ru/catalog/krossovki-obuv-muzh/gel_kayano_5_og/#color001,https://superstep.ru/upload/resize_cache/catalog/280_280_2/AS1021A239001.jpg
Мужские кроссовки AsicsGEL-DIABLO,8990,4495,https://superstep.ru/catalog/krossovki-obuv-muzh/gel_diablo/#color020,https://superstep.ru/upload/resize_cache/catalog/280_280_2/AS1193A014020.jpg
Мужские кроссовки DiadoraT3CH RUN,5490,2745,https://superstep.ru/catalog/krossovki-obuv-muzh/t3ch_run/#color80013,https://superstep.ru/upload/resize_cache/catalog/280_280_2/DR10117374780013.jpg
Мужские кроссовки DiadoraPLAYGROUND S HIGH,5990,2995,https://superstep.ru/catalog/krossovki-obuv-muzh/playground_s_high/#color60058,https://superstep.ru/upload/resize_cache/catalog/280_280_2/DR10117507160058.jpg
Мужские кроссовки FIlaSPAGHETTI LOW,6990,3495,https://superstep.ru/catalog/krossovki-obuv-muzh/spaghetti_low/#color300,https://superstep.ru/upload/resize_cache/catalog/280_280_2/FL1BM00592300.jpg
Мужские кроссовки New BalanceNB574,10990,5450,https://superstep.ru/catalog/krossovki-obuv-muzh/nb574_1/#colorGPF,https://superstep.ru/upload/resize_cache/catalog/280_280_2/NBML574GPF.jpg
Мужские кроссовки Tommy HilfigerPREMIUM LEATHER RUNNER,11990,5995,https://superstep.ru/catalog/krossovki-obuv-muzh/premium_leather_runner/#colorBDS,https://superstep.ru/upload/resize_cache/catalog/280_280_2/TMFM0FM02550BDS.jpg
Мужские кроссовки LacosteWILDCARD 319 1 SMA,14480,7240,https://superstep.ru/catalog/krossovki-obuv-muzh/wildcard_319_1_sma/#color02H,https://superstep.ru/upload/resize_cache/catalog/280_280_2/738SMA001302H.jpg
Мужские кроссовки LacosteWILDCARD 319 1 SMA,14480,7240,https://superstep.ru/catalog/krossovki-obuv-muzh/wildcard_319_1_sma/#color03A,https://superstep.ru/upload/resize_cache/catalog/280_280_2/738SMA001303A.jpg
Мужские кроссовки FIlaV94M R LOW,7990,3995,https://superstep.ru/catalog/krossovki-obuv-muzh/v94m_r_low/#color12S,https://superstep.ru/upload/resize_cache/catalog/280_280_2/FL101071612S.jpg
Мужские кроссовки ReebokAZTREK 96,6990,3495,https://superstep.ru/catalog/krossovki-obuv-muzh/aztrek_96_3/#colorR00,https://superstep.ru/upload/resize_cache/catalog/280_280_2/RBDV7249R00.jpg
Мужские кроссовки DiadoraINTREPID PREMIUM,9980,4990,https://superstep.ru/catalog/krossovki-obuv-muzh/intrepid_premium/#colorC7068,https://superstep.ru/upload/resize_cache/catalog/280_280_2/DR501170957C7068.jpg
Мужские кроссовки AsicsGEL-BND,7990,3995,https://superstep.ru/catalog/krossovki-obuv-muzh/gel_bnd_4/#color100,https://superstep.ru/upload/resize_cache/catalog/280_280_2/AS1021A216100.jpg
Мужские кроссовки AsicsGEL-DIABLO,8990,4495,https://superstep.ru/catalog/krossovki-obuv-muzh/gel_diablo/#color200,https://superstep.ru/upload/resize_cache/catalog/280_280_2/AS1193A014200.jpg
Мужские кроссовки New BalanceNB373,8490,4245,https://superstep.ru/catalog/krossovki-obuv-muzh/nb373/#colorTN,https://superstep.ru/upload/resize_cache/catalog/280_280_2/NBML373TN.jpg
Мужские кроссовки DiadoraV7000 ITALIA,12980,6490,https://superstep.ru/catalog/krossovki-obuv-muzh/v7000_italia/#colorC6582,https://superstep.ru/upload/resize_cache/catalog/280_280_2/DR501170942C6582.jpg
Мужские кроссовки DiadoraI.C 4000 NYL II,7990,3995,https://superstep.ru/catalog/krossovki-obuv-muzh/i_c_4000_nyl_ii/#colorC6667,https://superstep.ru/upload/resize_cache/catalog/280_280_2/DR501170940C6667.jpg
Мужские кроссовки LacosteLTR.01 317 5,9480,4740,https://superstep.ru/catalog/krossovki-obuv-muzh/ltr_01_317_5/#color1B4,https://superstep.ru/upload/resize_cache/catalog/280_280_2/734SPM00341B4.jpg
Мужские кроссовки New BalanceNB574S,11990,5950,https://superstep.ru/catalog/krossovki-obuv-muzh/nb574s/#colorAB,https://superstep.ru/upload/resize_cache/catalog/280_280_2/NBMS574AB.jpg
Мужские кроссовки LacosteWILDCARD 319 4 US SMA,14980,7450,https://superstep.ru/catalog/krossovki-obuv-muzh/wildcard_319_4_us_sma/#color1B5,https://superstep.ru/upload/resize_cache/catalog/280_280_2/738SMA00511B5.jpg
Мужские кроссовки DiadoraMYTHOS BLUSHIELD HIP 4,11990,5995,https://superstep.ru/catalog/krossovki-obuv-muzh/mythos_blushield_hip_4/#colorC2815,https://superstep.ru/upload/resize_cache/catalog/280_280_2/DR101174462C2815.jpg
Мужские кроссовки DiadoraMYTHOS BLUSHIELD 3,11990,5995,https://superstep.ru/catalog/krossovki-obuv-muzh/mythos_blushield_3/#colorC8126,https://superstep.ru/upload/resize_cache/catalog/280_280_2/DR101174467C8126.jpg
Мужские кроссовки DiadoraMYTHOS BLUSHIELD TRAIL,10990,5495,https://superstep.ru/catalog/krossovki-obuv-muzh/mythos_blushield_trail/#colorC8128,https://superstep.ru/upload/resize_cache/catalog/280_280_2/DR101175359C8128.jpg
Мужские кроссовки FIlaLUMINANCE,5999,2999,https://superstep.ru/catalog/krossovki-obuv-muzh/luminance/#color003,https://superstep.ru/upload/resize_cache/catalog/280_280_2/FL1RM00585003.jpg
Мужские кроссовки AdidasNMD_R1 STLT PK,13990,6950,https://superstep.ru/catalog/krossovki-obuv-muzh/nmd_r1_stlt_pk/#colorR00,https://superstep.ru/upload/resize_cache/catalog/280_280_2/ADCQ2386R00.jpg
Мужские кроссовки Tommy HilfigerNEVIS 01C2,10990,5495,https://superstep.ru/catalog/krossovki-obuv-muzh/nevis_01c2/#color990,https://superstep.ru/upload/resize_cache/catalog/280_280_2/TMEM0EM00344990.jpg
Мужские кроссовки Tommy HilfigerMAXWELL 11C19,8990,4495,https://superstep.ru/catalog/krossovki-obuv-muzh/maxwell_11c19/#color403,https://superstep.ru/upload/resize_cache/catalog/280_280_2/TMFM0FM02273403.jpg
Мужские кроссовки AsicsGEL-KAYANO 5 360,11990,5995,https://superstep.ru/catalog/krossovki-obuv-muzh/gel_kayano_5_360_1/#color100,https://superstep.ru/upload/resize_cache/catalog/280_280_2/AS1021A160100.jpg
Мужские кроссовки AsicsGEL-BND,7990,3995,https://superstep.ru/catalog/krossovki-obuv-muzh/gel_bnd_4/#color001,https://superstep.ru/upload/resize_cache/catalog/280_280_2/AS1021A216001.jpg
Мужские кроссовки DiadoraN9002 PREMIUM,10990,5495,https://superstep.ru/catalog/krossovki-obuv-muzh/n9002_premium/#color60033,https://superstep.ru/upload/resize_cache/catalog/280_280_2/DR50117509060033.jpg
Мужские кроссовки DiadoraK-RUN L II,7990,3995,https://superstep.ru/catalog/krossovki-obuv-muzh/k_run_l_ii/#colorC7049,https://superstep.ru/upload/resize_cache/catalog/280_280_2/DR101170825C7049.jpg
Мужские кроссовки LacosteLT SPIRIT ELITE 317 2,9980,4990,https://superstep.ru/catalog/krossovki-obuv-muzh/lt_spirit_elite_317_2/#color312,https://superstep.ru/upload/resize_cache/catalog/280_280_2/734SPM0028312.jpg
Мужские кроссовки DiadoraV7000 PREMIUM,9980,4990,https://superstep.ru/catalog/krossovki-obuv-muzh/v7000_premium/#colorC6990,https://superstep.ru/upload/resize_cache/catalog/280_280_2/DR501172294C6990.jpg
Мужские кроссовки AsicsGEL-BND,7990,3995,https://superstep.ru/catalog/krossovki-obuv-muzh/gel_bnd_6/#color400,https://superstep.ru/upload/resize_cache/catalog/280_280_2/AS1021A241400.jpg
Мужские кроссовки Tommy HilfigerLIGHTWEIGHT LEATHER SNEAKER,8990,4495,https://superstep.ru/catalog/krossovki-obuv-muzh/lightweight_leather_sneaker/#colorCKI,https://superstep.ru/upload/resize_cache/catalog/280_280_2/TMFM0FM02556CKI.jpg
Мужские кроссовки AsicsGEL-BND,6990,3495,https://superstep.ru/catalog/krossovki-obuv-muzh/gel_bnd/#color003,https://superstep.ru/upload/resize_cache/catalog/280_280_2/AS1021A145003.jpg
Мужские кроссовки AsicsGEL-LYTE XT,8190,4095,https://superstep.ru/catalog/krossovki-obuv-muzh/gel_lyte_xt/#color001,https://superstep.ru/upload/resize_cache/catalog/280_280_2/AS1191A295001.jpg
Мужские кроссовки AsicsGEL-LYTE XT,8190,4095,https://superstep.ru/catalog/krossovki-obuv-muzh/gel_lyte_xt/#color400,https://superstep.ru/upload/resize_cache/catalog/280_280_2/AS1191A295400.jpg
Мужские кроссовки DiadoraTITAN 2,5990,2995,https://superstep.ru/catalog/krossovki-obuv-muzh/titan_2/#colorC7111,https://superstep.ru/upload/resize_cache/catalog/280_280_2/DR501158623C7111.jpg
Мужские кроссовки AdidasFOREST GROVE,6990,3495,https://superstep.ru/catalog/krossovki-obuv-muzh/forest_grove_7/#colorR00,https://superstep.ru/upload/resize_cache/catalog/280_280_2/ADEE8967R00.jpg
Мужские кроссовки ReebokAZTREK 93,6990,3495,https://superstep.ru/catalog/krossovki-obuv-muzh/aztrek_93/#colorR00,https://superstep.ru/upload/resize_cache/catalog/280_280_2/RBDV8665R00.jpg
Мужские кроссовки ReebokAZTREK 96 REINVENTE,6990,3495,https://superstep.ru/catalog/krossovki-obuv-muzh/aztrek_96_reinvente/#colorR00,https://superstep.ru/upload/resize_cache/catalog/280_280_2/RBEF7620R00.jpg
Мужские кроссовки DiadoraTITAN REBORN,7490,3745,https://superstep.ru/catalog/krossovki-obuv-muzh/titan_reborn/#color60065,https://superstep.ru/upload/resize_cache/catalog/280_280_2/DR50117432460065.jpg
Мужские кроссовки FIlaBOVEASORUS,5999,2999,https://superstep.ru/catalog/krossovki-obuv-muzh/boveasorus/#color109,https://superstep.ru/upload/resize_cache/catalog/280_280_2/FL1RM00576109.jpg
Мужские кроссовки New BalanceNB574,11990,5950,https://superstep.ru/catalog/krossovki-obuv-muzh/nb574_1/#colorLUB,https://superstep.ru/upload/resize_cache/catalog/280_280_2/NBML574LUB.jpg
Мужские кроссовки New BalanceNB996,11990,5950,https://superstep.ru/catalog/krossovki-obuv-muzh/nb996_3/#colorLL,https://superstep.ru/upload/resize_cache/catalog/280_280_2/NBMRL996LL.jpg
Мужские кроссовки AdidasTUBULAR DOOM SOCK P,11990,5950,https://superstep.ru/catalog/krossovki-obuv-muzh/tubular_doom_sock_p_2/#colorR00,https://superstep.ru/upload/resize_cache/catalog/280_280_2/ADCG5509R00.jpg
Мужские кроссовки AdidasNMD_R1 STLT PK,13990,6950,https://superstep.ru/catalog/krossovki-obuv-muzh/nmd_r1_stlt_pk_1/#colorR00,https://superstep.ru/upload/resize_cache/catalog/280_280_2/ADCQ2390R00.jpg
Мужские кроссовки DiadoraCAMARO CVSD,5490,2745,https://superstep.ru/catalog/krossovki-obuv-muzh/camaro_cvsd/#color65070,https://superstep.ru/upload/resize_cache/catalog/280_280_2/DR50117328565070.jpg
Мужские кроссовки Tommy HilfigerDANIEL 1A2 KNIT DETAIL,8990,4495,https://superstep.ru/catalog/krossovki-obuv-muzh/daniel_1a2_knit_detail/#color990,https://superstep.ru/upload/resize_cache/catalog/280_280_2/TMFM0FM02272990.jpg
Мужские кроссовки Hugo BossGym Runn ltpf,19990,9995,https://superstep.ru/catalog/krossovki-obuv-muzh/gym_runn_ltpf/#color460,https://superstep.ru/upload/resize_cache/catalog/280_280_2/HB50322385460.jpg
Мужские кроссовки AsicsSAKURADA,6490,3245,https://superstep.ru/catalog/krossovki-obuv-muzh/sakurada/#color9098,https://superstep.ru/upload/resize_cache/catalog/280_280_2/ASD2D1N9098.jpg
Мужские кроссовки New BalanceNB373,8490,4245,https://superstep.ru/catalog/krossovki-obuv-muzh/nb373/#colorTM,https://superstep.ru/upload/resize_cache/catalog/280_280_2/NBML373TM.jpg
Мужские кроссовки AdidasCRAZY BYW LVL I,15990,7995,https://superstep.ru/catalog/krossovki-obuv-muzh/crazy_byw_lvl_i/#colorR00,https://superstep.ru/upload/resize_cache/catalog/280_280_2/ADB37550R00.jpg
Мужские кроссовки AdidasSAMBA OG,6990,3495,https://superstep.ru/catalog/krossovki-obuv-muzh/samba_og_1/#colorR00,https://superstep.ru/upload/resize_cache/catalog/280_280_2/ADB75807R00.jpg
Мужские кроссовки Tommy HilfigerMAXWELL 20B,8990,4495,https://superstep.ru/catalog/krossovki-obuv-muzh/maxwell_20b/#color010,https://superstep.ru/upload/resize_cache/catalog/280_280_2/TMFM0FM01731010.jpg
Мужские кроссовки Tommy HilfigerROYAL 5C2,8990,4495,https://superstep.ru/catalog/krossovki-obuv-muzh/royal_5c2/#color212,https://superstep.ru/upload/resize_cache/catalog/280_280_2/TMFM0FM01778212.jpg
Мужские кроссовки Tommy HilfigerLEEDS 2C3,8990,4495,https://superstep.ru/catalog/krossovki-obuv-muzh/leeds_2c3/#color990,https://superstep.ru/upload/resize_cache/catalog/280_280_2/TMFM0FM01899990.jpg
Мужские кроссовки New BalanceNB996,10990,5495,https://superstep.ru/catalog/krossovki-obuv-muzh/nb996_3/#colorDA,https://superstep.ru/upload/resize_cache/catalog/280_280_2/NBMRL996DA.jpg
Мужские кроссовки DiadoraK-RUN L II,7990,3995,https://superstep.ru/catalog/krossovki-obuv-muzh/k_run_l_ii/#colorC7047,https://superstep.ru/upload/resize_cache/catalog/280_280_2/DR101170825C7047.jpg
Мужские кроссовки LacosteLTR.01 317 3,9980,4990,https://superstep.ru/catalog/krossovki-obuv-muzh/ltr_01_317_3/#color003,https://superstep.ru/upload/resize_cache/catalog/280_280_2/734SPM0033003.jpg
Мужские кроссовки LacosteLTR.01 317 3,9980,4990,https://superstep.ru/catalog/krossovki-obuv-muzh/ltr_01_317_3/#color147,https://superstep.ru/upload/resize_cache/catalog/280_280_2/734SPM0033147.jpg
Мужские кроссовки LacosteLT SPIRIT ELITE 317 2,9980,4990,https://superstep.ru/catalog/krossovki-obuv-muzh/lt_spirit_elite_317_2/#color2P2,https://superstep.ru/upload/resize_cache/catalog/280_280_2/734SPM00282P2.jpg
Мужские кроссовки Hugo BossOrland_Runn_pp,24500,12250,https://superstep.ru/catalog/krossovki-obuv-muzh/orland_runn_pp/#color202,https://superstep.ru/upload/resize_cache/catalog/280_280_2/HB50374251202.jpg
Мужские кроссовки AsicsGELSAGA,9990,4995,https://superstep.ru/catalog/krossovki-obuv-muzh/gelsaga_5/#color001,https://superstep.ru/upload/resize_cache/catalog/280_280_2/AS1191A286001.jpg
Мужские кроссовки AsicsGEL-LYTE V,8690,4345,https://superstep.ru/catalog/krossovki-obuv-muzh/gel_lyte_v_28/#color002,https://superstep.ru/upload/resize_cache/catalog/280_280_2/AS1191A310002.jpg
Мужские кроссовки AsicsGEL-BND,6990,3495,https://superstep.ru/catalog/krossovki-obuv-muzh/gel_bnd/#color001,https://superstep.ru/upload/resize_cache/catalog/280_280_2/AS1021A145001.jpg
Мужские кроссовки AsicsGEL-BND,6990,3495,https://superstep.ru/catalog/krossovki-obuv-muzh/gel_bnd/#color002,https://superstep.ru/upload/resize_cache/catalog/280_280_2/AS1021A145002.jpg
Мужские кроссовки PumaR698 Flag,9990,4995,https://superstep.ru/catalog/krossovki-obuv-muzh/r698_flag/#color01,https://superstep.ru/upload/resize_cache/catalog/280_280_2/PM36145001.jpg
Мужские кроссовки ReebokCL LEATHER RIPPLE TRAIL,7690,3845,https://superstep.ru/catalog/krossovki-obuv-muzh/cl_leather_ripple_trail/#colorR00,https://superstep.ru/upload/resize_cache/catalog/280_280_2/RBEG8708R00.jpg
Мужские кроссовки ReebokAZTREK DOUBLE MIX TRAIL,7490,3745,https://superstep.ru/catalog/krossovki-obuv-muzh/aztrek_double_mix_trail/#colorR00,https://superstep.ru/upload/resize_cache/catalog/280_280_2/RBEG8808R00.jpg
Мужские кроссовки DiadoraMYTHOS BLUSHIELD FLY HIP 2,11990,5995,https://superstep.ru/catalog/krossovki-obuv-muzh/mythos_blushield_fly_hip_2/#colorC0200,https://superstep.ru/upload/resize_cache/catalog/280_280_2/DR101174472C0200.jpg
Мужские кроссовки Tommy HilfigerTOMMY JEANS SIGNATURE SNEAKER,8990,4495,https://superstep.ru/catalog/krossovki-obuv-muzh/tommy_jeans_signature_sneaker/#color020,https://superstep.ru/upload/resize_cache/catalog/280_280_2/TMEM0EM00319020.jpg
Мужские кроссовки Tommy HilfigerLEATHER LIFESTYLE SNEAKER,8990,4495,https://superstep.ru/catalog/krossovki-obuv-muzh/leather_lifestyle_sneaker/#colorCEY,https://superstep.ru/upload/resize_cache/catalog/280_280_2/TMEM0EM00349CEY.jpg
Мужские кроссовки Tommy HilfigerLEATHER LIFESTYLE SNEAKER,8990,4495,https://superstep.ru/catalog/krossovki-obuv-muzh/leather_lifestyle_sneaker/#colorYBS,https://superstep.ru/upload/resize_cache/catalog/280_280_2/TMEM0EM00349YBS.jpg
Мужские кроссовки DiadoraMALONE,4990,2495,https://superstep.ru/catalog/krossovki-obuv-muzh/malone/#colorC6080,https://superstep.ru/upload/resize_cache/catalog/280_280_2/DR101170241C6080.jpg
Мужские кроссовки AdidasYUNG-96 CHASM,7490,3745,https://superstep.ru/catalog/krossovki-obuv-muzh/yung_96_chasm_1/#colorR00,https://superstep.ru/upload/resize_cache/catalog/280_280_2/ADEE7235R00.jpg
Мужские кроссовки AdidasCONTINENTAL 80,7490,3745,https://superstep.ru/catalog/krossovki-obuv-muzh/continental_80/#colorR00,https://superstep.ru/upload/resize_cache/catalog/280_280_2/ADG27706R00.jpg
Мужские кроссовки ReebokDAYTONA DMX,9990,4995,https://superstep.ru/catalog/krossovki-obuv-muzh/daytona_dmx_1/#colorR00,https://superstep.ru/upload/resize_cache/catalog/280_280_2/RBDV8647R00.jpg
Мужские кроссовки New BalanceNB840,10990,5495,https://superstep.ru/catalog/krossovki-obuv-muzh/nb840_1/#colorBE,https://superstep.ru/upload/resize_cache/catalog/280_280_2/NBML840BE.jpg
Мужские кроссовки Tommy HilfigerC2285HARLTON 2A,12990,6450,https://superstep.ru/catalog/krossovki-obuv-muzh/c2285harlton_2a/#color990,https://superstep.ru/upload/resize_cache/catalog/280_280_2/TMFM56821574990.jpg
Мужские кроссовки LacosteLTR.01 316 1,8990,4495,https://superstep.ru/catalog/krossovki-obuv-muzh/ltr_01_316_1/#color024,https://superstep.ru/upload/resize_cache/catalog/280_280_2/732SPM0025024.jpg
Мужские кроссовки Hugo BossOrland_Runn_pp,24500,12250,https://superstep.ru/catalog/krossovki-obuv-muzh/orland_runn_pp/#color202,https://superstep.ru/upload/resize_cache/catalog/280_280_2/HB50374251202.jpg
Мужские кроссовки AsicsGELSAGA,9990,4995,https://superstep.ru/catalog/krossovki-obuv-muzh/gelsaga_5/#color001,https://superstep.ru/upload/resize_cache/catalog/280_280_2/AS1191A286001.jpg
Мужские кроссовки AsicsGEL-LYTE V,8690,4345,https://superstep.ru/catalog/krossovki-obuv-muzh/gel_lyte_v_28/#color002,https://superstep.ru/upload/resize_cache/catalog/280_280_2/AS1191A310002.jpg
Мужские кроссовки AsicsGEL-BND,6990,3495,https://superstep.ru/catalog/krossovki-obuv-muzh/gel_bnd/#color001,https://superstep.ru/upload/resize_cache/catalog/280_280_2/AS1021A145001.jpg
Мужские кроссовки AsicsGEL-BND,6990,3495,https://superstep.ru/catalog/krossovki-obuv-muzh/gel_bnd/#color002,https://superstep.ru/upload/resize_cache/catalog/280_280_2/AS1021A145002.jpg
Мужские кроссовки PumaR698 Flag,9990,4995,https://superstep.ru/catalog/krossovki-obuv-muzh/r698_flag/#color01,https://superstep.ru/upload/resize_cache/catalog/280_280_2/PM36145001.jpg
Мужские кроссовки ReebokCL LEATHER RIPPLE TRAIL,7690,3845,https://superstep.ru/catalog/krossovki-obuv-muzh/cl_leather_ripple_trail/#colorR00,https://superstep.ru/upload/resize_cache/catalog/280_280_2/RBEG8708R00.jpg
Мужские кроссовки ReebokAZTREK DOUBLE MIX TRAIL,7490,3745,https://superstep.ru/catalog/krossovki-obuv-muzh/aztrek_double_mix_trail/#colorR00,https://superstep.ru/upload/resize_cache/catalog/280_280_2/RBEG8808R00.jpg
Мужские кроссовки DiadoraMYTHOS BLUSHIELD FLY HIP 2,11990,5995,https://superstep.ru/catalog/krossovki-obuv-muzh/mythos_blushield_fly_hip_2/#colorC0200,https://superstep.ru/upload/resize_cache/catalog/280_280_2/DR101174472C0200.jpg
Мужские кроссовки Tommy HilfigerTOMMY JEANS SIGNATURE SNEAKER,8990,4495,https://superstep.ru/catalog/krossovki-obuv-muzh/tommy_jeans_signature_sneaker/#color020,https://superstep.ru/upload/resize_cache/catalog/280_280_2/TMEM0EM00319020.jpg
Мужские кроссовки Tommy HilfigerLEATHER LIFESTYLE SNEAKER,8990,4495,https://superstep.ru/catalog/krossovki-obuv-muzh/leather_lifestyle_sneaker/#colorCEY,https://superstep.ru/upload/resize_cache/catalog/280_280_2/TMEM0EM00349CEY.jpg
Мужские кроссовки Tommy HilfigerLEATHER LIFESTYLE SNEAKER,8990,4495,https://superstep.ru/catalog/krossovki-obuv-muzh/leather_lifestyle_sneaker/#colorYBS,https://superstep.ru/upload/resize_cache/catalog/280_280_2/TMEM0EM00349YBS.jpg
Мужские кроссовки DiadoraMALONE,4990,2495,https://superstep.ru/catalog/krossovki-obuv-muzh/malone/#colorC6080,https://superstep.ru/upload/resize_cache/catalog/280_280_2/DR101170241C6080.jpg
Мужские кроссовки AdidasYUNG-96 CHASM,7490,3745,https://superstep.ru/catalog/krossovki-obuv-muzh/yung_96_chasm_1/#colorR00,https://superstep.ru/upload/resize_cache/catalog/280_280_2/ADEE7235R00.jpg
Мужские кроссовки AdidasCONTINENTAL 80,7490,3745,https://superstep.ru/catalog/krossovki-obuv-muzh/continental_80/#colorR00,https://superstep.ru/upload/resize_cache/catalog/280_280_2/ADG27706R00.jpg
Мужские кроссовки ReebokDAYTONA DMX,9990,4995,https://superstep.ru/catalog/krossovki-obuv-muzh/daytona_dmx_1/#colorR00,https://superstep.ru/upload/resize_cache/catalog/280_280_2/RBDV8647R00.jpg
Мужские кроссовки New BalanceNB840,10990,5495,https://superstep.ru/catalog/krossovki-obuv-muzh/nb840_1/#colorBE,https://superstep.ru/upload/resize_cache/catalog/280_280_2/NBML840BE.jpg
Мужские кроссовки Tommy HilfigerC2285HARLTON 2A,12990,6450,https://superstep.ru/catalog/krossovki-obuv-muzh/c2285harlton_2a/#color990,https://superstep.ru/upload/resize_cache/catalog/280_280_2/TMFM56821574990.jpg
Мужские кроссовки LacosteLTR.01 316 1,8990,4495,https://superstep.ru/catalog/krossovki-obuv-muzh/ltr_01_316_1/#color024,https://superstep.ru/upload/resize_cache/catalog/280_280_2/732SPM0025024.jpg
